intron	logef_Brain-FrontalCortex_BA9	psi_Cells-EBV-transformedlymphocytes	psi_Brain-FrontalCortex_BA9	deltapsi_Brain-FrontalCortex_BA9
chr10:180128:197910:clu_2_+:NE	3.6829584	4.2422034e-05	0.019427082	0.01938466
chr10:180128:209888:clu_2_+:PR	-2.4756174	0.9951356	0.9639688	-0.031166792
chr10:198005:209888:clu_2_+:NE	-1.2073402	0.0048220074	0.016604064	0.011782057
chr10:210048:221194:clu_3_+:PR	-0.117333405	0.44389045	0.4238489	-0.020041555
chr10:210048:236837:clu_3_+:PR	0.25380695	0.12347206	0.17087878	0.047406726
chr10:221356:236837:clu_3_+:PR	-0.13647361	0.43263748	0.40527228	-0.027365208
chr10:236915:237584:clu_4_+:PR	-0.157862	0.4293393	0.46387032	0.034531027
chr10:236915:239437:clu_4_+:PR	0.4803868	0.011671861	0.023873929	0.012202068
chr10:237677:239437:clu_4_+:PR	-0.32252488	0.55898887	0.5122558	-0.04673308
chr10:239525:240055:clu_5_+:PR	0.29495645	0.9294369	0.95961154	0.030174613
chr10:239525:240058:clu_5_+:PR	-0.29495645	0.07056305	0.040388428	-0.03017462
chr10:1105267:1124217:clu_9_+:PR	1.3725508	0.92376304	0.9947261	0.070963085
chr10:1124102:1124217:clu_9_+:NE	-1.3725507	0.07623694	0.0052738287	-0.070963115
chr10:3067707:3069273:clu_10_+:NE	-1.0708921	0.015659984	0.004380913	-0.011279071
chr10:3067707:3082387:clu_10_+:PR	0.19222842	0.96202075	0.9517524	-0.010268331
chr10:3069389:3082387:clu_10_+:PR	0.87866354	0.022319268	0.043866653	0.021547385
chr10:3105159:3105392:clu_12_+:PR	1.5277718	0.9859907	0.9993313	0.013340592
chr10:3105301:3105392:clu_12_+:UP	-1.5277716	0.014009271	0.0006687235	-0.013340548
chr10:3120044:3129818:clu_13_+:PR	0.45180777	0.99482983	0.9978991	0.0030692816
chr10:3125249:3129818:clu_13_+:PR	-0.4518077	0.0051701795	0.0021009138	-0.0030692657
chr10:3135838:3136449:clu_14_+:PR	1.3654773	0.9887539	0.9988248	0.01007086
chr10:3135838:3137542:clu_14_+:PR	-1.6790569	0.0091646835	0.00044085342	-0.00872383
chr10:3135838:3143855:clu_14_+:UP	0.31357992	0.0020813858	0.0007343793	-0.0013470065
chr10:5429229:5451829:clu_17_+:PR	-1.4037857	0.8950437	0.32982937	-0.5652143
chr10:5446858:5451829:clu_17_+:PR	1.8692846	0.06504212	0.63258123	0.5675391
chr10:5446858:5453294:clu_17_+:PR	-0.46549922	0.03991424	0.037589412	-0.002324827
chr10:5890346:5903019:clu_21_+:PR	0.36129108	0.27066517	0.26087707	-0.009788096
chr10:5890346:5906036:clu_21_+:NE	0.19003324	0.02791833	0.0226734	-0.0052449293
chr10:5895187:5903019:clu_21_+:PR	-1.1851681	0.066913076	0.013737126	-0.05317595
chr10:5903175:5905217:clu_21_+:NE	-0.41882762	0.019865682	0.008776186	-0.011089496
chr10:5903175:5906036:clu_21_+:PR	0.5191013	0.59904015	0.6760761	0.07703596
chr10:5905287:5906036:clu_21_+:NE	0.5335702	0.015597689	0.01786009	0.0022624014
chr10:5924508:5924750:clu_22_+:PR	-0.7035915	0.051345695	0.006627437	-0.044718258
chr10:5924508:5925366:clu_22_+:PR	1.471815	0.86508816	0.98326135	0.11817318
chr10:5924801:5925366:clu_22_+:PR	-0.76822364	0.08356618	0.0101112025	-0.073454976
chr10:5927541:5928335:clu_23_+:UP	-0.34044594	0.009516407	0.0048396187	-0.004676788
chr10:5927541:5936455:clu_23_+:PR	0.3404459	0.9904836	0.99516034	0.0046767592
chr10:6105097:6106140:clu_24_+:PR	-0.2199792	0.9975284	0.9961676	-0.001360774
chr10:6105097:6106143:clu_24_+:PR	0.21997917	0.002471677	0.0038323954	0.0013607184
chr10:6112361:6113507:clu_25_+:PR	0.50561583	0.9237256	0.9708384	0.047112823
chr10:6113068:6113507:clu_25_+:UP	-0.5056158	0.076274425	0.02916155	-0.047112875
chr10:6145013:6213622:clu_26_+:PR	0.4066362	0.2757022	0.46192163	0.18621942
chr10:6203336:6213622:clu_26_+:PR	-0.40663615	0.7242978	0.5380783	-0.18621951
chr10:6221527:6221640:clu_27_+:PR	-0.023041278	0.5178789	0.5063656	-0.011513293
chr10:6221745:6222854:clu_27_+:PR	0.023041276	0.48212105	0.49363443	0.011513382
chr10:6224213:6226191:clu_28_+:PR	-2.16992	0.47660902	0.3235333	-0.15307572
chr10:6224213:6232894:clu_28_+:PR	-3.7316222	0.04181902	0.0059551382	-0.035863884
chr10:6226365:6228195:clu_28_+:PR	1.8006135	0.0053434977	0.19229287	0.18694937
chr10:6226365:6232894:clu_28_+:PR	-2.684602	0.43279335	0.17559564	-0.2571977
chr10:6226365:6254177:clu_28_+:PR	-4.812011	0.036405087	0.0017598402	-0.034645244
chr10:6228218:6231262:clu_28_+:PR	5.7067556	7.1323244e-05	0.12758058	0.12750927
chr10:6228218:6232894:clu_28_+:PR	0.21922931	0.006887784	0.050983608	0.04409582
chr10:6231314:6232894:clu_28_+:PR	5.671557	7.082001e-05	0.12229902	0.122228205
chr10:7788263:7796120:clu_30_+:PR	0.12079215	0.5188411	0.51830506	-0.00053602457
chr10:7788263:7797046:clu_30_+:UP	-0.22729361	0.011361854	0.0080136135	-0.0033482406
chr10:7796155:7797046:clu_30_+:PR	0.13023342	0.46922597	0.47318763	0.0039616525
chr10:7796155:7806973:clu_30_+:PR	-0.023731897	0.0005710617	0.0004937055	-7.735618e-05
chr10:7802854:7806973:clu_31_+:PR	-0.26937914	0.49727985	0.4895213	-0.007758558
chr10:7802854:7807658:clu_31_+:PR	0.52277684	0.006501927	0.01413324	0.007631313
chr10:7807010:7807658:clu_31_+:PR	-0.2533978	0.4962182	0.4963455	0.00012728572
chr10:7800091:7802269:clu_32_+:PR	0.49739885	0.9984326	0.9994198	0.0009872317
chr10:7801569:7802269:clu_32_+:UP	-0.4973988	0.0015674212	0.0005802028	-0.0009872185
chr10:11165682:11217424:clu_35_+:PR	0.33818454	0.42802912	0.47005913	0.042030007
chr10:11165682:11249152:clu_35_+:UP	-0.5257513	0.021517819	0.009960356	-0.011557463
chr10:11217507:11249152:clu_35_+:PR	0.18756688	0.55045307	0.51998055	-0.030472517
chr10:11257872:11266597:clu_36_+:PR	0.7092293	0.42734665	0.4840255	0.05667886
chr10:11257872:11270665:clu_36_+:UP	-1.4177035	0.13256933	0.017898466	-0.11467086
chr10:11266677:11270665:clu_36_+:PR	0.70847446	0.44008398	0.49807605	0.05799207
chr10:11314258:11321188:clu_37_+:PR	-0.3369327	0.1469681	0.5217209	0.3747528
chr10:11314258:11321206:clu_37_+:PR	-2.1563144	0.66474587	0.38258097	-0.2821649
chr10:11314270:11320856:clu_37_+:PR	5.8297367	3.688974e-05	0.062412422	0.06237553
chr10:11314270:11321206:clu_37_+:PR	-3.3364894	0.18824916	0.033285666	-0.1549635
chr10:11321386:11325835:clu_38_+:PR	-0.0047946326	0.3852816	0.383013	-0.0022685826
chr10:11325979:11328925:clu_38_+:PR	0.004794632	0.6147184	0.61698693	0.0022685528
chr10:12084751:12087534:clu_41_+:PR	-0.18684778	0.36860314	0.28008208	-0.08852106
chr10:12084751:12088985:clu_41_+:PR	-0.25552872	0.0071431934	0.005067467	-0.0020757262
chr10:12087729:12088985:clu_41_+:PR	0.17274573	0.30602682	0.33316183	0.027135015
chr10:12091684:12094072:clu_41_+:PR	0.26963082	0.31822684	0.38168862	0.06346178
chr10:12162289:12164267:clu_44_+:PR	1.318258	0.89427817	0.97964734	0.08536917
chr10:12162289:12167752:clu_44_+:UP	-0.6756469	0.04587154	0.006842243	-0.039029296
chr10:12162289:12169257:clu_44_+:PR	0.633653	0.018303892	0.01011161	-0.008192281
chr10:12167893:12169257:clu_44_+:NE	-1.2762638	0.04154642	0.0033989453	-0.038147476
chr10:12210322:12215739:clu_45_+:PR	0.3019641	0.5002326	0.48135617	-0.018876404
chr10:12210322:12217360:clu_45_+:PR	-0.6857368	0.004754649	0.0017039627	-0.0030506863
chr10:12215835:12217360:clu_45_+:PR	0.38377282	0.4950127	0.5169398	0.021927118
chr10:12235123:12237143:clu_46_+:PR	-0.039755438	0.46368176	0.4184323	-0.045249462
chr10:12235123:12238456:clu_46_+:PR	-0.105597995	0.003443329	0.0029093008	-0.00053402805
chr10:12237266:12238456:clu_46_+:PR	0.14535344	0.532875	0.5786584	0.0457834
chr10:12238485:12246148:clu_47_+:PR	0.5587509	0.31091082	0.3049056	-0.0060052276
chr10:12238485:12249580:clu_47_+:PR	-0.31377158	0.0038013102	0.0015578697	-0.0022434406
chr10:12246277:12249580:clu_47_+:PR	0.53210086	0.45087346	0.43053678	-0.020336688
chr10:12246277:12250310:clu_47_+:PR	-1.4772856	0.0018148422	0.00023234272	-0.0015824995
chr10:12249718:12250310:clu_47_+:PR	0.7002058	0.23259959	0.26276743	0.030167848
chr10:13099958:13108137:clu_48_+:PR	5.7637234	4.500419e-05	0.015346023	0.015301019
chr10:13100302:13108137:clu_48_+:PR	-0.61171985	0.1511099	0.087743714	-0.06336619
chr10:13100302:13109111:clu_48_+:PR	0.35008976	0.48707694	0.7399957	0.25291878
chr10:13108289:13108961:clu_48_+:PR	-1.6462637	0.12451995	0.025695989	-0.098823965
chr10:13108289:13109111:clu_48_+:PR	-0.15489393	0.12450227	0.11415562	-0.010346651
chr10:13109015:13109096:clu_48_+:PR	-1.6521764	0.022421999	0.0045997356	-0.017822264
chr10:13109015:13109111:clu_48_+:PR	-2.0487585	0.09032398	0.012463156	-0.07786082
chr10:13109288:13110179:clu_49_+:UP	1.2028048	0.009020678	0.028452735	0.019432057
chr10:13109288:13110273:clu_49_+:PR	-0.019352399	0.5312577	0.49364415	-0.03761354
chr10:13109288:13112452:clu_49_+:UP	-1.2891874	0.0078147575	0.0020395855	-0.0057751723
chr10:13110476:13112452:clu_49_+:PR	0.105735	0.45190686	0.47586358	0.023956716
chr10:13116340:13118887:clu_50_+:PR	-0.020248724	0.8177828	0.81167024	-0.0061125755
chr10:13116340:13118905:clu_50_+:PR	0.020248722	0.1822172	0.18832971	0.006112516
chr10:13122487:13122863:clu_51_+:PR	-0.08603316	0.025709858	0.021734059	-0.0039757993
chr10:13122487:13123994:clu_51_+:PR	0.08603315	0.9742902	0.97826594	0.003975749
chr10:13587152:13591767:clu_53_+:PR	-0.28815776	0.093054295	0.038849395	-0.0542049
chr10:13587152:13597457:clu_53_+:PR	0.7147548	0.8151524	0.92778224	0.11262983
chr10:13591888:13597457:clu_53_+:PR	-0.42659715	0.09179326	0.03336838	-0.058424883
chr10:13597535:13597644:clu_54_+:PR	4.3044596	2.3781695e-06	0.32382974	0.32382736
chr10:13597535:13600243:clu_54_+:PR	-8.635989	0.9999952	0.326668	-0.6733272
chr10:13597671:13600243:clu_54_+:PR	4.331531	2.4981525e-06	0.34950233	0.34949982
chr10:14840157:14842133:clu_56_+:PR	0.5205163	0.16138375	0.17250457	0.011120826
chr10:14840157:14843370:clu_56_+:UP	-1.6017183	0.03833985	0.0049081347	-0.033431716
chr10:14840157:14848608:clu_56_+:PR	0.35574928	0.5607913	0.50837564	-0.05241567
chr10:14842846:14843370:clu_56_+:PR	0.7254531	0.23948513	0.3142116	0.07472648
chr10:15097409:15102217:clu_61_+:PR	0.5839451	0.15375425	0.2285087	0.07475445
chr10:15097409:15103304:clu_61_+:PR	0.3536276	0.17417853	0.20561016	0.03143163
chr10:15097766:15102217:clu_61_+:PR	-0.48056525	0.17917773	0.09184355	-0.08733418
chr10:15097766:15103304:clu_61_+:PR	-0.7866731	0.12130354	0.04578225	-0.07552129
chr10:15102336:15103304:clu_61_+:PR	0.32966584	0.37158594	0.42825538	0.056669444
chr10:17660548:17672974:clu_64_+:NE	-0.09632501	0.02625703	0.042973485	0.016716454
chr10:17660548:17684674:clu_64_+:PR	-0.6465148	0.96047515	0.90676904	-0.05370611
chr10:17673078:17684674:clu_64_+:NE	0.7428399	0.01326786	0.050257456	0.036989596
chr10:21538912:21556642:clu_71_+:PR	0.8428914	0.23252642	0.48551902	0.2529926
chr10:21538912:21557620:clu_71_+:NE	-0.15251651	0.06996521	0.053990323	-0.01597489
chr10:21538912:21586293:clu_71_+:PR	-0.39215645	0.30770248	0.18684883	-0.12085365
chr10:21557824:21586293:clu_71_+:NE	0.43744805	0.058411397	0.08131108	0.02289968
chr10:21572026:21586293:clu_71_+:NE	-0.26216158	0.051747646	0.03578541	-0.015962236
chr10:21586348:21595330:clu_71_+:PR	-0.47350484	0.27964687	0.15654537	-0.1231015
chr10:21681376:21682224:clu_73_+:PR	1.3791523	0.38106218	0.54320055	0.16213837
chr10:21681376:21713771:clu_73_+:PR	-1.4138714	0.16666907	0.014548711	-0.15212037
chr10:21682257:21688490:clu_73_+:PR	0.19397329	0.11634112	0.05069685	-0.06564427
chr10:21682257:21713771:clu_73_+:PR	1.6153342	0.21274494	0.38405734	0.1713124
chr10:21688538:21713771:clu_73_+:PR	-1.7745883	0.123182744	0.007496561	-0.115686186
chr10:21735235:21740029:clu_74_+:PR	1.2497857	0.9379187	0.9945938	0.056675076
chr10:21735235:21740153:clu_74_+:PR	-1.2497855	0.062081292	0.005406191	-0.056675103
chr10:22318168:22318271:clu_76_+:PR	-0.024866197	0.2691298	0.27803886	0.008909047
chr10:22318168:22318352:clu_76_+:UP	-2.1471891	0.0060464772	0.00074805383	-0.0052984236
chr10:22318168:22318652:clu_76_+:UP	0.15573175	0.0014217128	0.0017594956	0.00033778278
chr10:22318306:22318652:clu_76_+:PR	-0.069450215	0.29995546	0.29637244	-0.003583014
chr10:22318306:22318958:clu_76_+:PR	2.1819499	0.0018665178	0.017522005	0.015655488
chr10:22318862:22318958:clu_76_+:PR	-0.09617579	0.42157993	0.40555912	-0.016020805
chr10:22319018:22319938:clu_77_+:PR	1.2172698	0.80802757	0.7532017	-0.054825842
chr10:22319018:22326430:clu_77_+:PR	2.525008	0.001302027	0.004487957	0.0031859297
chr10:22321696:22326430:clu_77_+:PR	1.740649	0.14613324	0.2298979	0.08376466
chr10:22322170:22326430:clu_77_+:PR	1.6029083	0.0037006882	0.005072808	0.0013721196
chr10:22325722:22326430:clu_77_+:UP	0.3406338	0.008839987	0.0034294038	-0.0054105837
chr10:22325728:22326430:clu_77_+:PR	-7.04478	0.0112548405	2.7080844e-06	-0.011252132
chr10:22326076:22326430:clu_77_+:UP	-0.38168934	0.020741586	0.0039075813	-0.016834004
chr10:23110318:23119045:clu_79_+:UP	-0.72359765	0.019827038	0.005413166	-0.014413873
chr10:23110318:23119303:clu_79_+:PR	0.59369415	0.9683641	0.9870173	0.018653154
chr10:23119134:23119303:clu_79_+:UP	0.1299034	0.011808814	0.0075695603	-0.0042392532
chr10:27171083:27173117:clu_88_+:PR	-0.08522302	0.41034532	0.3698212	-0.040524125
chr10:27171083:27173120:clu_88_+:PR	0.08522301	0.5896546	0.63017887	0.040524244
chr10:27173259:27180952:clu_89_+:PR	-0.028618548	0.28035527	0.23637298	-0.043982297
chr10:27173259:27181479:clu_89_+:PR	-0.4289958	0.045951508	0.025960153	-0.019991355
chr10:27173259:27186378:clu_89_+:PR	0.012589337	0.023066558	0.020266008	-0.0028005503
chr10:27181066:27181479:clu_89_+:PR	0.13862108	0.2716981	0.27077398	-0.0009241104
chr10:27181581:27186378:clu_89_+:PR	0.30640396	0.37892857	0.4466269	0.06769833
chr10:27526889:27531528:clu_90_+:PR	-0.3189361	0.010686785	0.003282458	-0.007404327
chr10:27526889:27532506:clu_90_+:PR	0.7604532	0.48931515	0.44229653	-0.047018617
chr10:27526889:27533927:clu_90_+:PR	-0.36676353	0.005649773	0.0016542905	-0.0039954823
chr10:27531615:27532506:clu_90_+:PR	-1.0731865	0.01410701	0.0020380756	-0.012068935
chr10:27533853:27533927:clu_90_+:PR	0.99843293	0.4802413	0.5507286	0.07048732
chr10:28533007:28533997:clu_91_+:PR	0.22743304	0.21902181	0.2739994	0.05497758
chr10:28533582:28533997:clu_91_+:PR	-0.5051	0.011660113	0.0070118066	-0.0046483064
chr10:28533620:28533997:clu_91_+:PR	-0.07099132	0.75923467	0.7047486	-0.054486096
chr10:28533893:28533997:clu_91_+:PR	0.34865835	0.010083385	0.0142402	0.004156815
chr10:28534034:28534233:clu_92_+:NE	-0.6785195	0.022544881	0.006804069	-0.015740812
chr10:28534034:28535561:clu_92_+:PR	0.5535061	0.92730653	0.9594138	0.032107294
chr10:28534182:28535561:clu_92_+:PR	1.3321737	0.01197506	0.026991772	0.015016711
chr10:28534346:28535561:clu_92_+:NE	-1.2071605	0.038173478	0.0067904196	-0.03138306
chr10:28535757:28537583:clu_93_+:UP	-0.05313078	0.005661219	0.005093414	-0.000567805
chr10:28535757:28583398:clu_93_+:PR	0.053130776	0.9943388	0.99490654	0.00056773424
chr10:28590832:28595732:clu_94_+:PR	0.31240743	0.35797745	0.36998114	0.01200369
chr10:28590832:28608185:clu_94_+:PR	-0.6429203	0.069721036	0.027720064	-0.04200097
chr10:28596041:28608185:clu_94_+:PR	0.33051297	0.5723015	0.60229874	0.02999723
chr10:28608431:28610698:clu_95_+:PR	0.19813645	0.9359136	0.9487467	0.012833059
chr10:28608431:28610707:clu_95_+:PR	-0.010959981	0.05314364	0.04370754	-0.009436101
chr10:28608431:28610710:clu_95_+:PR	-0.18717645	0.010942808	0.007545778	-0.0033970303
chr10:28610821:28611254:clu_96_+:UP	-0.4253029	0.027727636	0.009026662	-0.018700972
chr10:28610821:28611773:clu_96_+:PR	0.7324608	0.94771	0.98197436	0.034264386
chr10:28611481:28611773:clu_96_+:NE	-0.307158	0.024562329	0.008998987	-0.015563342
chr10:28614685:28616172:clu_97_+:PR	-0.113039784	0.7302908	0.68352497	-0.046765804
chr10:28614685:28616175:clu_97_+:PR	0.11303978	0.2697092	0.31647503	0.046765834
chr10:29409658:29415356:clu_98_+:IN	-0.28315043	0.52144647	0.382143	-0.13930348
chr10:29409683:29415356:clu_98_+:IN	0.2831504	0.47855353	0.61785704	0.1393035
chr10:29415412:29420490:clu_99_+:IN	-2.7173238	0.8972604	0.5540735	-0.34318691
chr10:29415412:29458273:clu_99_+:IN	-1.2440138	0.05106562	0.13760303	0.086537406
chr10:29415412:29467239:clu_99_+:IN	5.731761	2.9496992e-05	0.08507805	0.08504856
chr10:29415412:29468919:clu_99_+:IN	-1.107018	0.0147538595	0.04559334	0.03083948
chr10:29415412:29482832:clu_99_+:IN	-0.66340536	0.03689061	0.17765205	0.14076144
chr10:31461237:31495775:clu_103_+:PR	0.12825266	0.24631198	0.26887688	0.022564903
chr10:31461237:31495778:clu_103_+:PR	-0.00063208275	0.25530884	0.24499649	-0.010312349
chr10:31495838:31502347:clu_103_+:PR	0.01850915	0.48918945	0.4785022	-0.010687232
chr10:31495838:31502353:clu_103_+:PR	-0.14612971	0.009189743	0.00762445	-0.0015652925
chr10:35127193:35137781:clu_106_+:PR	-8.006046	0.008264072	3.8778063e-07	-0.008263685
chr10:35127193:35148367:clu_106_+:PR	1.7973514	0.20854586	0.17707424	-0.031471625
chr10:35127193:35178888:clu_106_+:NE	1.9981005	0.038579024	0.04003955	0.0014605261
chr10:35127193:35206894:clu_106_+:PR	2.9898353	0.042624664	0.1192625	0.076637834
chr10:35127567:35148367:clu_106_+:PR	3.1564093	0.011273671	0.037260648	0.025986977
chr10:35137879:35148367:clu_106_+:PR	1.7245944	0.0107753975	0.008507249	-0.0022681486
chr10:35148491:35152279:clu_106_+:NE	-0.32215193	0.027317438	0.0027855127	-0.024531925
chr10:35148491:35178888:clu_106_+:PR	2.0829809	0.14862512	0.16791646	0.019291341
chr10:35148491:35206894:clu_106_+:NE	2.7205143	0.047675908	0.10190076	0.05422485
chr10:35179276:35188199:clu_106_+:PR	1.1807983	0.044793017	0.020530455	-0.024262562
chr10:35179276:35201450:clu_106_+:PR	-0.26758412	0.013603027	0.0014648704	-0.012138156
chr10:35179276:35206894:clu_106_+:PR	1.6322571	0.082732715	0.05955683	-0.023175884
chr10:35188388:35201450:clu_106_+:PR	-9.0333395	0.010973938	1.843347e-07	-0.010973753
chr10:35188388:35206894:clu_106_+:PR	1.9578602	0.05523921	0.055069275	-0.00016993657
chr10:35195214:35201450:clu_106_+:PR	-0.045817714	0.02001904	0.0026910314	-0.017328009
chr10:35195214:35206894:clu_106_+:PR	1.5774022	0.075348794	0.05134609	-0.024002705
chr10:35196099:35201450:clu_106_+:PR	-0.2867284	0.011469488	0.0012116951	-0.010257793
chr10:35196099:35206894:clu_106_+:PR	3.3795083	0.029202389	0.120640785	0.0914384
chr10:35196142:35201450:clu_106_+:PR	-10.010531	0.013470736	8.516214e-08	-0.013470652
chr10:35196142:35206894:clu_106_+:PR	1.6473905	0.029499674	0.021559754	-0.00793992
chr10:35201486:35206894:clu_106_+:PR	0.12719536	0.0699668	0.011181659	-0.05878514
chr10:35207051:35211253:clu_107_+:PR	-0.5281238	0.815898	0.60648286	-0.20941514
chr10:35207051:35211655:clu_107_+:PR	0.5281238	0.184102	0.39351717	0.20941517
chr10:38010783:38012297:clu_108_+:PR	-0.18983309	0.49793604	0.5029565	0.0050204694
chr10:38012350:38016870:clu_108_+:PR	-0.22064418	0.49590775	0.48570958	-0.010198176
chr10:38012350:38016874:clu_108_+:NE	0.41047728	0.00615618	0.011333907	0.005177727
chr10:38017015:38017290:clu_109_+:PR	0.63506335	0.907546	0.97219014	0.06464416
chr10:38017020:38017290:clu_109_+:PR	-0.6350633	0.09245403	0.0278099	-0.06464413
chr10:38094490:38094930:clu_111_+:PR	0.26092055	0.34364963	0.4331965	0.08954689
chr10:38094490:38095537:clu_111_+:PR	-0.06739253	0.15157823	0.13760096	-0.013977274
chr10:38095224:38095357:clu_111_+:PR	-0.04078833	0.08570303	0.07989779	-0.005805239
chr10:38095224:38095537:clu_111_+:PR	-0.15273969	0.4190691	0.3493047	-0.069764405
chr10:38095629:38095743:clu_112_+:PR	0.15505594	0.84846646	0.88419145	0.035724998
chr10:38095633:38095743:clu_112_+:PR	-0.15505593	0.1515336	0.11580857	-0.035725035
chr10:44971848:44982520:clu_118_+:PR	-0.2938285	0.9104038	0.8698056	-0.040598214
chr10:44971848:44982524:clu_118_+:UP	0.0696069	0.058790375	0.080785304	0.02199493
chr10:44980927:44982520:clu_118_+:UP	0.22422159	0.030805837	0.049409162	0.018603325
chr10:44982663:44983869:clu_119_+:UP	0.48002675	0.033244777	0.074304335	0.041059557
chr10:44982663:44983940:clu_119_+:PR	-0.06161018	0.11743515	0.15270698	0.03527183
chr10:44982663:44984021:clu_119_+:PR	-0.41841653	0.84932005	0.77298874	-0.07633132
chr10:45750838:45751481:clu_123_+:PR	-1.0198634	0.6554483	0.54920185	-0.10624647
chr10:45750838:45752587:clu_123_+:PR	1.8132391	0.006724867	0.09578073	0.089055866
chr10:45751553:45752587:clu_123_+:PR	-0.7933762	0.3378268	0.35501748	0.017190695
chr10:45765810:45769448:clu_124_+:PR	0.118956424	0.8747326	0.898565	0.02383238
chr10:45765810:45769454:clu_124_+:PR	-0.11895641	0.12526737	0.10143502	-0.023832351
chr10:48306821:48308094:clu_129_+:PR	0.323379	0.2195757	0.25626084	0.03668514
chr10:48306821:48401611:clu_129_+:PR	0.50055087	0.20500615	0.2856338	0.08062765
chr10:48308288:48325896:clu_129_+:PR	-0.61253333	0.12945643	0.059259787	-0.07019664
chr10:48308288:48401611:clu_129_+:PR	0.3569537	0.25461185	0.3072967	0.052684844
chr10:48325965:48401611:clu_129_+:PR	-0.56835043	0.19134986	0.09154886	-0.099801004
chr10:48420320:48424087:clu_130_+:PR	1.8801906	0.10546112	0.83512795	0.7296668
chr10:48420320:48424513:clu_130_+:PR	-1.8801905	0.8945389	0.16487205	-0.7296668
chr10:48424159:48425887:clu_131_+:PR	1.6870406	0.13207296	0.81627744	0.68420446
chr10:48424585:48425887:clu_131_+:PR	-1.6870403	0.867927	0.18372257	-0.68420446
chr10:48431270:48434878:clu_132_+:PR	0.35937962	0.6604747	0.7996598	0.13918507
chr10:48431270:48434883:clu_132_+:PR	-0.3593796	0.33952534	0.2003402	-0.13918515
chr10:49942300:49943234:clu_135_+:UP	-0.18729722	0.092798404	0.08019772	-0.012600683
chr10:49942300:49945031:clu_135_+:PR	0.069229774	0.19587563	0.21878129	0.022905663
chr10:49942300:49952125:clu_135_+:UP	0.45441887	0.07641033	0.12544905	0.049038716
chr10:49943358:49945031:clu_135_+:UP	-0.22078796	0.15030095	0.1256141	-0.024686843
chr10:49945090:49952125:clu_135_+:PR	-0.11556344	0.48461476	0.44995782	-0.034656942
chr10:49958480:49973011:clu_136_+:PR	0.19161402	0.83663046	0.8825286	0.04589814
chr10:49970458:49973011:clu_136_+:UP	-0.191614	0.16336954	0.117471464	-0.045898072
chr10:50091518:50092161:clu_137_+:PR	-0.3877408	0.60372454	0.59007984	-0.013644695
chr10:50091518:50093267:clu_137_+:PR	0.82347983	0.01734071	0.056906957	0.03956625
chr10:50092233:50093267:clu_137_+:PR	-0.4357392	0.3789348	0.35301325	-0.025921553
chr10:50126179:50127159:clu_139_+:PR	-0.8061475	0.46161503	0.23917553	-0.2224395
chr10:50126179:50127582:clu_139_+:PR	1.6658212	0.08791506	0.5395882	0.45167315
chr10:50127222:50127582:clu_139_+:PR	-0.859674	0.45046988	0.22123624	-0.22923364
chr10:58269304:58276117:clu_142_+:UP	0.18562138	0.0063461405	0.008840647	0.002494506
chr10:58269304:58277116:clu_142_+:PR	-0.14960034	0.9837763	0.98013467	-0.0036416054
chr10:58276212:58277116:clu_142_+:UP	-0.03602101	0.009877538	0.011024655	0.0011471165
chr10:58277322:58282898:clu_143_+:UP	-0.8363937	0.020239612	0.0030967211	-0.017142892
chr10:58277322:58287560:clu_143_+:PR	1.0694637	0.9647562	0.9927063	0.027950108
chr10:58283082:58287560:clu_143_+:UP	-0.23307025	0.015004298	0.0041969675	-0.01080733
chr10:58361401:58361494:clu_144_+:PR	0.39045206	0.45900843	0.46231648	0.0033080578
chr10:58361401:58363608:clu_144_+:PR	-0.7902613	0.017429424	0.0053904434	-0.012038982
chr10:58361526:58363608:clu_144_+:PR	0.39980942	0.52356213	0.5322931	0.008730948
chr10:58386338:58388189:clu_145_+:PR	3.4023757	0.99277556	0.9999919	0.0072163343
chr10:58386716:58388189:clu_145_+:UP	-3.4023755	0.007224503	8.066539e-06	-0.0072164363
chr10:58388819:58390764:clu_146_+:PR	0.17165673	0.43550107	0.4516819	0.016180843
chr10:58388819:58394357:clu_146_+:PR	-0.30333066	0.04041906	0.026070254	-0.014348807
chr10:58390860:58394357:clu_146_+:PR	0.131674	0.52407986	0.5222478	-0.001832068
chr10:63133500:63146208:clu_155_+:PR	-0.40440124	0.5169545	0.45147613	-0.065478355
chr10:63133500:63152149:clu_155_+:PR	0.55701476	0.0050595533	0.011556661	0.0064971074
chr10:63146293:63152149:clu_155_+:PR	-0.15261362	0.47798607	0.5369672	0.05898115
chr10:68332216:68337198:clu_159_+:PR	-0.19392219	0.5864511	0.49036852	-0.0960826
chr10:68332235:68337198:clu_159_+:NE	0.19392218	0.41354883	0.50963145	0.09608263
chr10:68337333:68337857:clu_160_+:PR	-0.121754095	0.4910788	0.48676473	-0.004314065
chr10:68337333:68338502:clu_160_+:UP	0.28483582	0.0543491	0.08089841	0.026549313
chr10:68337996:68338502:clu_160_+:PR	-0.16308177	0.45457208	0.4323369	-0.022235185
chr10:68338642:68339139:clu_161_+:PR	-0.82870495	0.3066588	0.07775871	-0.2289001
chr10:68338687:68339139:clu_161_+:PR	0.8287049	0.69334126	0.9222413	0.22890002
chr10:68721282:68722454:clu_162_+:PR	0.21581726	0.35212395	0.39428604	0.04216209
chr10:68721288:68722454:clu_162_+:PR	-0.044753652	0.055591725	0.047969084	-0.0076226406
chr10:68721406:68722454:clu_162_+:PR	-0.22399718	0.025078006	0.018088384	-0.0069896225
chr10:68722577:68736875:clu_162_+:PR	0.052933607	0.5672063	0.53965646	-0.027549863
chr10:68737048:68737844:clu_163_+:PR	0.13908225	0.25911003	0.29044554	0.031335503
chr10:68737048:68740628:clu_163_+:PR	-0.39779449	0.038953107	0.02552466	-0.013428448
chr10:68737048:68742427:clu_163_+:NE	0.26661992	0.01130288	0.014393238	0.0030903583
chr10:68737889:68740628:clu_163_+:PR	0.006618189	0.27816695	0.27312258	-0.005044371
chr10:68740661:68742375:clu_163_+:PR	-0.014525771	0.412467	0.39651403	-0.015952975
chr10:68754827:68755369:clu_164_+:PR	-0.67069876	0.9795581	0.92608976	-0.053468347
chr10:68755285:68755369:clu_164_+:UP	0.6706987	0.02044186	0.07391027	0.053468414
chr10:68755536:68756272:clu_165_+:PR	-0.25820702	0.4276722	0.3849291	-0.042743117
chr10:68755536:68757293:clu_165_+:PR	0.43699244	0.06916587	0.124762125	0.055596255
chr10:68756483:68757293:clu_165_+:PR	-0.1787855	0.5031619	0.4903088	-0.012853116
chr10:68901471:68906225:clu_167_+:UP	0.66316396	0.04956734	0.10986354	0.0602962
chr10:68901471:68906283:clu_167_+:UP	-0.26609117	0.026386952	0.023092812	-0.00329414
chr10:68901471:68906710:clu_167_+:PR	-0.19583096	0.82401675	0.7736371	-0.050379634
chr10:68906337:68906710:clu_167_+:UP	-0.20124176	0.10002899	0.093406536	-0.006622456
chr10:68919981:68934198:clu_168_+:PR	0.106889956	0.56457204	0.5743221	0.009750068
chr10:68919981:68934798:clu_168_+:PR	-0.17662415	0.005204462	0.0039873407	-0.0012171213
chr10:68934360:68934798:clu_168_+:PR	0.06973423	0.43022355	0.42169052	-0.008533031
chr10:68989258:69000423:clu_170_+:PR	0.49589467	0.96258533	0.9857879	0.023202598
chr10:68995278:69000423:clu_170_+:PR	-0.49589464	0.037414722	0.014212096	-0.023202626
chr10:69005915:69008840:clu_171_+:PR	-1.0910008	0.9568254	0.9749773	0.018151939
chr10:69006929:69008840:clu_171_+:UP	5.3021913	3.7895352e-05	0.023082117	0.023044221
chr10:69007751:69008840:clu_171_+:UP	-4.211191	0.04313673	0.0019405622	-0.041196167
chr10:69088236:69097083:clu_173_+:PR	-0.13898025	0.45740432	0.4495243	-0.007880002
chr10:69088236:69103870:clu_173_+:UP	0.24945484	0.0041277944	0.005982273	0.0018544784
chr10:69097231:69103870:clu_173_+:PR	-0.11047463	0.53846794	0.5444934	0.0060254335
chr10:69133047:69155811:clu_174_+:PR	-0.44147882	0.53228897	0.53810334	0.0058143735
chr10:69133047:69157006:clu_174_+:UP	1.107242	0.02128929	0.10126987	0.07998058
chr10:69155887:69157006:clu_174_+:PR	-0.6657633	0.44642177	0.36062682	-0.085794955
chr10:69166110:69168488:clu_175_+:PR	0.1849162	0.55362	0.56523734	0.0116173625
chr10:69166110:69171155:clu_175_+:PR	-0.33224666	0.01113887	0.006780462	-0.0043584085
chr10:69168631:69171155:clu_175_+:PR	0.14733051	0.4352411	0.4279822	-0.007258892
chr10:69180562:69182519:clu_176_+:UP	-0.41564885	0.06946593	0.026888752	-0.042577177
chr10:69180562:69185986:clu_176_+:PR	0.63611007	0.83956957	0.93031174	0.09074217
chr10:69182654:69185986:clu_176_+:UP	-0.22046137	0.09096445	0.04279956	-0.048164893
chr10:69319010:69343826:clu_178_+:PR	-0.29726407	0.992717	0.9868796	-0.0058374405
chr10:69319177:69343826:clu_178_+:NE	0.29726407	0.00728298	0.013120428	0.005837448
chr10:69395105:69398594:clu_179_+:PR	-0.13295743	0.5194982	0.4831618	-0.036336422
chr10:69395105:69400990:clu_179_+:PR	0.12170675	0.0049509327	0.0059401146	0.0009891819
chr10:69398828:69400990:clu_179_+:PR	0.01125066	0.47555086	0.5108981	0.035347253
chr10:72216072:72223887:clu_185_+:PR	-0.8581663	0.07129127	0.028179616	-0.043111652
chr10:72216072:72230365:clu_185_+:NE	-0.34987432	0.025170965	0.016540438	-0.008630527
chr10:72216138:72220053:clu_185_+:PR	0.46793836	0.03601885	0.053622678	0.01760383
chr10:72216138:72223887:clu_185_+:PR	0.24470778	0.068476856	0.08154825	0.013071395
chr10:72220379:72223887:clu_185_+:PR	0.1415217	0.096004136	0.10312113	0.0071169958
chr10:72224056:72230365:clu_185_+:PR	0.033529963	0.2841591	0.2739801	-0.010178983
chr10:72224056:72233000:clu_185_+:PR	0.19467121	0.0020095329	0.002276331	0.00026679807
chr10:72230440:72233000:clu_185_+:PR	0.12567154	0.4168693	0.44073138	0.023862064
chr10:73228160:73230421:clu_189_+:PR	-0.106861174	0.35029376	0.30333424	-0.04695952
chr10:73228184:73230421:clu_189_+:PR	0.10686116	0.6497062	0.69666576	0.04695958
chr10:73233163:73234816:clu_190_+:PR	1.3103871	0.9545245	0.9965462	0.04202169
chr10:73233197:73234816:clu_190_+:UP	-1.310387	0.045475416	0.0034538158	-0.0420216
chr10:73234940:73235192:clu_191_+:PR	-0.109697655	0.62189454	0.62131745	-0.00057709217
chr10:73234940:73239311:clu_191_+:PR	0.26627484	0.036330316	0.052862633	0.016532317
chr10:73235318:73239311:clu_191_+:PR	-0.15657724	0.3417751	0.32581997	-0.01595512
chr10:73744437:73746629:clu_195_+:PR	-0.1929853	0.1469061	0.08784285	-0.05906324
chr10:73744437:73746804:clu_195_+:PR	0.5591698	0.6309879	0.8004689	0.16948104
chr10:73746716:73746804:clu_195_+:PR	-0.36618462	0.22210597	0.11168821	-0.11041775
chr10:73747004:73751107:clu_196_+:PR	-0.5007135	0.5603002	0.56748474	0.007184565
chr10:73747004:73759621:clu_196_+:UP	0.12962675	0.010095863	0.019205699	0.009109836
chr10:73751243:73751716:clu_196_+:UP	0.99312073	0.007722022	0.034836005	0.027113983
chr10:73751243:73759621:clu_196_+:PR	-0.622034	0.421882	0.37847358	-0.043408424
chr10:73760849:73762097:clu_197_+:PR	1.2125167	0.025737362	0.35921922	0.33348185
chr10:73760849:73763489:clu_197_+:PR	-2.2786431	0.954788	0.40598607	-0.54880196
chr10:73762166:73763489:clu_197_+:PR	1.0661268	0.019474622	0.23479469	0.21532007
chr10:73767931:73768809:clu_198_+:UP	0.31936166	0.005749659	0.0108345095	0.0050848504
chr10:73768007:73768809:clu_198_+:PR	-0.31936163	0.99425036	0.98916554	-0.0050848126
chr10:73793698:73793864:clu_201_+:PR	0.8044727	0.017529711	0.0818684	0.06433869
chr10:73793719:73793864:clu_201_+:PR	-0.8044726	0.9824703	0.9181316	-0.064338684
chr10:73794330:73794540:clu_202_+:PR	-0.27015826	0.5738154	0.43957648	-0.13423893
chr10:73794330:73794555:clu_202_+:PR	0.27015823	0.42618456	0.56042355	0.13423899
chr10:73795663:73796320:clu_203_+:UP	-0.008069634	0.06546062	0.039698444	-0.025762178
chr10:73795663:73796773:clu_203_+:PR	0.6318168	0.79541695	0.91471833	0.11930138
chr10:73796403:73796773:clu_203_+:UP	-0.6237472	0.13912238	0.04558322	-0.09353916
chr10:73797605:73797780:clu_204_+:PR	-0.23003304	0.9548921	0.9303758	-0.024516284
chr10:73797605:73797935:clu_204_+:UP	0.23003303	0.04510784	0.06962421	0.024516366
chr10:73800170:73800295:clu_205_+:PR	-0.02890025	0.72095495	0.7091796	-0.011775374
chr10:73800194:73800295:clu_205_+:PR	0.028900249	0.2790451	0.29082042	0.011775315
chr10:73800759:73801016:clu_206_+:PR	-0.7462101	0.9032025	0.67719364	-0.22600883
chr10:73800759:73801084:clu_206_+:PR	0.74621004	0.09679755	0.32280633	0.22600877
chr10:74151343:74174415:clu_208_+:PR	-0.71347696	0.012949926	0.0039763083	-0.008973617
chr10:74151343:74200763:clu_208_+:PR	1.0396706	0.41628343	0.73787725	0.32159382
chr10:74176886:74200763:clu_208_+:PR	-0.32619387	0.5707666	0.25814646	-0.31262016
chr10:74525426:74527759:clu_209_+:UP	0.33600563	0.0074824085	0.014547543	0.007065134
chr10:74525426:74589281:clu_209_+:PR	-0.3360056	0.9925176	0.9854524	-0.007065177
chr10:75210212:75211133:clu_212_+:PR	0.6219845	0.0014237446	0.0029037104	0.0014799658
chr10:75210716:75211133:clu_212_+:PR	-0.53298986	0.008907035	0.0057234177	-0.0031836173
chr10:75210938:75211133:clu_212_+:PR	-0.08899453	0.9896692	0.9913728	0.00170362
chr10:75214070:75217887:clu_213_+:UP	-0.26899734	0.014592159	0.007250551	-0.0073416075
chr10:75214070:75219062:clu_213_+:PR	0.44734886	0.96534115	0.98183274	0.016491592
chr10:75217991:75219062:clu_213_+:UP	-0.17835161	0.020066634	0.010916742	-0.009149892
chr10:78033904:78035351:clu_214_+:PR	-0.6628291	0.9991925	0.9969667	-0.0022257566
chr10:78033986:78035351:clu_214_+:UP	0.66282904	0.00080752623	0.0030332922	0.002225766
chr10:78037304:78037329:clu_215_+:UP	-0.63571733	0.0016981262	0.00047632057	-0.0012218056
chr10:78037304:78037438:clu_215_+:PR	1.6308352	0.01582528	0.04281856	0.02699328
chr10:78037304:78037964:clu_215_+:PR	4.4160614	0.0033833622	0.14833286	0.1449495
chr10:78037304:78040200:clu_215_+:PR	-2.2167299	0.003857607	0.00022264979	-0.0036349571
chr10:78037304:78040203:clu_215_+:PR	0.97644365	0.19960316	0.28070456	0.0811014
chr10:78037304:78040614:clu_215_+:PR	-5.9300046	0.60172445	0.0008473197	-0.6008771
chr10:78037304:78048980:clu_215_+:UP	-2.3830307	0.0042140214	0.00020595753	-0.004008064
chr10:78037304:78054530:clu_215_+:PR	-1.7359625	0.0038356136	0.000358042	-0.0034775715
chr10:78037982:78040203:clu_215_+:PR	4.418397	0.0035486876	0.15594482	0.15239614
chr10:78040225:78040614:clu_215_+:PR	1.4597086	0.16230974	0.37008882	0.20777908
chr10:79352392:79353644:clu_219_+:PR	0.4949318	0.017337482	0.045324177	0.027986694
chr10:79352392:79353706:clu_219_+:PR	-0.49493173	0.9826625	0.95467585	-0.027986646
chr10:80078786:80081840:clu_220_+:PR	-1.6932535	0.7967843	0.3252093	-0.471575
chr10:80079307:80081639:clu_220_+:UP	0.5214133	0.015973562	0.05970924	0.043735676
chr10:80079307:80081840:clu_220_+:UP	0.864758	0.04259297	0.22443491	0.18184194
chr10:80081734:80081840:clu_220_+:PR	-0.18028581	0.07498277	0.13894956	0.06396679
chr10:80081741:80081840:clu_220_+:PR	0.48736775	0.069666505	0.25169694	0.18203044
chr10:80082204:80086230:clu_221_+:PR	0.016283028	0.09185097	0.07741944	-0.014431536
chr10:80082204:80090379:clu_221_+:PR	-0.23077053	0.060502578	0.039833285	-0.020669293
chr10:80082204:80090796:clu_221_+:PR	0.26907358	0.7292976	0.7915103	0.062212706
chr10:80082217:80090796:clu_221_+:NE	0.2393058	0.04154031	0.043761633	0.0022213235
chr10:80090431:80090796:clu_221_+:PR	-0.29389188	0.076808505	0.047475368	-0.029333137
chr10:80408643:80420465:clu_223_+:PR	-0.3905616	0.6774225	0.7250886	0.047666073
chr10:80408643:80420482:clu_223_+:PR	-0.9195639	0.30891705	0.19481866	-0.114098385
chr10:80413876:80420465:clu_223_+:PR	1.3101256	0.013660376	0.08009275	0.06643237
chr10:80454371:80463087:clu_224_+:PR	-0.2315796	0.028496169	0.020002324	-0.008493844
chr10:80454371:80489216:clu_224_+:PR	-0.046902183	0.4794792	0.40482578	-0.07465342
chr10:80468687:80489216:clu_224_+:PR	0.27848178	0.4920246	0.5751719	0.08314729
chr10:80489314:80504727:clu_225_+:PR	0.34024552	0.43441746	0.47671813	0.04230067
chr10:80489314:80507227:clu_225_+:PR	-0.481857	0.0076645743	0.0036966458	-0.0039679287
chr10:80504778:80507198:clu_225_+:PR	-0.0365312	0.0057642795	0.004339777	-0.0014245026
chr10:80504778:80507227:clu_225_+:PR	0.17814277	0.55215377	0.5152454	-0.03690839
chr10:84425893:84438511:clu_233_+:PR	0.10355419	0.39750853	0.44800156	0.05049303
chr10:84438707:84463932:clu_233_+:PR	-0.10355418	0.60249144	0.5519985	-0.050492942
chr10:84477664:84499874:clu_235_+:PR	3.2942827	8.290316e-05	0.2640718	0.26398888
chr10:84477664:84513448:clu_235_+:PR	-7.079924	0.97707236	0.097188935	-0.8798834
chr10:84499959:84507293:clu_235_+:UP	3.226542	7.069853e-05	0.21044654	0.21037585
chr10:84499959:84513448:clu_235_+:PR	-2.7576492	0.02269483	0.17012069	0.14742586
chr10:84507333:84513448:clu_235_+:NE	3.3167505	7.925029e-05	0.2581721	0.25809285
chr10:87170974:87175888:clu_243_+:PR	0.04131493	0.3287301	0.31527832	-0.013451785
chr10:87170974:87180074:clu_243_+:PR	-0.33746168	0.25128734	0.16501547	-0.08627187
chr10:87176095:87180074:clu_243_+:PR	0.2961468	0.41998246	0.51970625	0.099723786
chr10:89003194:89007699:clu_250_+:PR	-0.22343999	0.32726336	0.31610614	-0.011157215
chr10:89007837:89008888:clu_250_+:PR	-0.2496101	0.3089887	0.29074526	-0.018243432
chr10:89007837:89010538:clu_250_+:PR	0.59963554	0.005344373	0.011756809	0.0064124363
chr10:89008997:89010538:clu_250_+:PR	-0.12658542	0.35840356	0.38139173	0.02298817
chr10:89010600:89010752:clu_251_+:PR	-0.19362469	0.25330642	0.20573056	-0.04757586
chr10:89010600:89011998:clu_251_+:PR	-0.56589216	0.02322841	0.013001648	-0.010226763
chr10:89010815:89011998:clu_251_+:PR	-0.16269597	0.21781744	0.1824641	-0.035353348
chr10:89012081:89012198:clu_251_+:NE	0.41854948	0.0017352314	0.0025994044	0.00086417305
chr10:89012081:89013342:clu_251_+:PR	0.15402876	0.24927573	0.28662667	0.037350938
chr10:89012335:89013342:clu_251_+:NE	0.13856275	0.004705649	0.005327694	0.00062204525
chr10:89013367:89014118:clu_251_+:PR	0.21107177	0.24993116	0.3042499	0.054318756
chr10:89328078:89338660:clu_252_+:PR	0.9643585	0.40766686	0.82564884	0.41798198
chr10:89332627:89338660:clu_252_+:PR	-0.9643584	0.5923331	0.1743512	-0.41798186
chr10:89392717:89402280:clu_253_+:PR	0.08521837	0.9934131	0.99443954	0.0010264516
chr10:89393341:89402280:clu_253_+:PR	-0.08521836	0.006586867	0.005560421	-0.001026446
chr10:90894891:90895453:clu_256_+:PR	0.31347084	0.29427177	0.29072705	-0.003544718
chr10:90894891:90895879:clu_256_+:PR	-1.719172	0.02143141	0.002773461	-0.018657949
chr10:90894891:90900569:clu_256_+:UP	0.7112191	0.0013897127	0.0020436274	0.00065391476
chr10:90895483:90895879:clu_256_+:PR	0.2964962	0.28648967	0.2782748	-0.008214861
chr10:90896392:90900569:clu_256_+:PR	0.39798623	0.39641747	0.4261811	0.029763639
chr10:91163081:91222688:clu_258_+:PR	0.526397	0.28557548	0.53390366	0.24832818
chr10:91220836:91222688:clu_258_+:PR	-0.52639693	0.7144245	0.4660963	-0.24832818
chr10:91222983:91227336:clu_259_+:UP	-0.19796224	0.525579	0.42714256	-0.098436415
chr10:91222983:91240483:clu_259_+:PR	0.19796222	0.47442096	0.57285744	0.098436475
chr10:92311337:92340672:clu_261_+:PR	0.52534604	0.97017443	0.98936385	0.019189417
chr10:92333625:92340672:clu_261_+:UP	-0.525346	0.029825523	0.01063615	-0.019189373
chr10:94511654:94521954:clu_271_+:PR	-0.025161494	0.5578434	0.5453974	-0.012445986
chr10:94522453:94531201:clu_271_+:PR	0.025161492	0.44215667	0.45460263	0.0124459565
chr10:95755766:95823236:clu_275_+:PR	2.1906836	0.024847185	0.1735791	0.14873192
chr10:95755766:95839690:clu_275_+:PR	1.1215117	0.0039007391	0.009354737	0.0054539973
chr10:95756255:95823236:clu_275_+:PR	-0.13522677	0.35935813	0.24525486	-0.11410327
chr10:95756255:95839690:clu_275_+:NE	-3.40432	0.029641015	0.0007695451	-0.028871471
chr10:95823364:95839690:clu_275_+:PR	0.22735214	0.5822529	0.5710417	-0.011211216
chr10:97426446:97427100:clu_286_+:UP	-0.46300974	0.0037727128	0.0021601187	-0.0016125941
chr10:97426446:97430378:clu_286_+:PR	0.095504396	0.9938858	0.99476385	0.000878036
chr10:97427928:97430378:clu_286_+:UP	0.3675053	0.002341423	0.0030760386	0.0007346156
chr10:97446353:97450356:clu_287_+:PR	-0.25241023	0.08561411	0.05970595	-0.025908157
chr10:97446353:97451670:clu_287_+:PR	0.13810648	0.8305769	0.8559558	0.025378883
chr10:97450536:97451670:clu_287_+:PR	0.114303716	0.083808996	0.08433826	0.0005292669
chr10:97451918:97452089:clu_288_+:PR	-0.25694513	0.3592318	0.41998845	0.060756654
chr10:97451918:97452414:clu_288_+:PR	0.78394634	0.003376351	0.011177987	0.007801636
chr10:97452284:97452414:clu_288_+:PR	-0.52700126	0.63739187	0.5688336	-0.068558276
chr10:97452503:97452806:clu_289_+:UP	-0.124464154	0.048708703	0.053869553	0.0051608495
chr10:97452503:97452894:clu_289_+:PR	-0.5047926	0.80894953	0.61162275	-0.19732678
chr10:97452503:97453617:clu_289_+:PR	0.62925684	0.1423418	0.33450764	0.19216585
chr10:97452923:97453529:clu_290_+:PR	0.6015465	0.87779593	0.9598754	0.08207947
chr10:97452923:97455601:clu_290_+:PR	-0.60154647	0.122204095	0.040124565	-0.08207953
chr10:97453663:97453798:clu_291_+:PR	0.21249309	0.45926288	0.4578742	-0.001388669
chr10:97453663:97454713:clu_291_+:PR	-0.57700473	0.12075114	0.054664012	-0.06608713
chr10:97453846:97454713:clu_291_+:PR	0.3645118	0.41998604	0.48746178	0.067475736
chr10:97454799:97455638:clu_292_+:PR	-1.1140869	0.032396216	0.006040729	-0.026355486
chr10:97454799:97455659:clu_292_+:PR	0.6040393	0.84176487	0.87490016	0.033135295
chr10:97454799:97455713:clu_292_+:PR	0.51004744	0.12583895	0.119059116	-0.0067798346
chr10:97737321:97738476:clu_294_+:PR	0.50479966	0.29964232	0.34052876	0.040886432
chr10:97737321:97744728:clu_294_+:PR	-0.44187862	0.011530829	0.0050848005	-0.006446028
chr10:97737325:97738476:clu_294_+:PR	-0.44494465	0.06716963	0.029529413	-0.037640214
chr10:97743164:97744728:clu_294_+:PR	0.3820237	0.62165725	0.6248571	0.0031998754
chr10:97738674:97743093:clu_295_+:PR	0.3599352	0.50624603	0.52487504	0.018629014
chr10:97738674:97748268:clu_295_+:PR	-0.6560011	0.008579918	0.0032207866	-0.005359132
chr10:97744915:97748268:clu_295_+:PR	0.29606605	0.48517403	0.47190422	-0.013269812
chr10:97750470:97751375:clu_296_+:PR	-0.12810236	0.25899202	0.21291909	-0.04607293
chr10:97750470:97751390:clu_296_+:PR	0.12810235	0.741008	0.78708094	0.04607296
chr10:97751462:97752856:clu_297_+:PR	2.1862507	0.006289474	0.3832361	0.37694663
chr10:97751462:97753037:clu_297_+:PR	-4.2044516	0.98368794	0.10052238	-0.88316554
chr10:97752877:97753037:clu_297_+:PR	2.0182016	0.010022675	0.5162415	0.5062188
chr10:97757723:97757867:clu_298_+:UP	-0.670195	0.0237139	0.006317562	-0.017396338
chr10:97757723:97759235:clu_298_+:PR	0.6701949	0.9762861	0.99368244	0.01739633
chr10:99732409:99736245:clu_303_+:PR	0.144679	0.93885785	0.95350593	0.01464808
chr10:99732560:99736245:clu_303_+:PR	-0.14467898	0.06114215	0.046494078	-0.014648072
chr10:99747390:99750368:clu_304_+:PR	0.103271216	0.4789514	0.48788288	0.008931488
chr10:99747390:99754528:clu_304_+:UP	-0.2478983	0.11912482	0.08541131	-0.033713512
chr10:99750396:99754528:clu_304_+:PR	0.14462712	0.40192384	0.42670578	0.024781942
chr10:100536050:100536410:clu_305_+:NE	-0.012746933	0.07102517	0.06936135	-0.001663819
chr10:100536135:100536410:clu_305_+:PR	0.012746932	0.9289748	0.9306386	0.001663804
chr10:101430452:101461980:clu_313_+:PR	-0.099473625	0.33395857	0.43487433	0.10091576
chr10:101430452:101479367:clu_313_+:PR	0.73477054	0.025744021	0.07720671	0.051462688
chr10:101462058:101479367:clu_313_+:PR	-0.635297	0.6402974	0.48791897	-0.15237844
chr10:101587457:101594657:clu_314_+:NE	2.742995	7.028917e-05	0.01667822	0.01660793
chr10:101588400:101594657:clu_314_+:PR	-2.7429948	0.9999297	0.9833218	-0.01660794
chr10:101594738:101596592:clu_315_+:UP	3.9881616	8.765788e-06	0.024884205	0.02487544
chr10:101594738:101600737:clu_315_+:PR	-3.9881613	0.99999124	0.9751158	-0.024875462
chr10:101601336:101605139:clu_316_+:PR	0.89178497	0.01736617	0.050088357	0.032722186
chr10:101601336:101608834:clu_316_+:PR	-0.2510745	0.4140836	0.38087556	-0.033208042
chr10:101601336:101608866:clu_316_+:UP	-1.3878171	0.008253832	0.0024359568	-0.0058178753
chr10:101601336:101609366:clu_316_+:PR	-0.44082102	0.0062388335	0.0047467086	-0.001492125
chr10:101605212:101608866:clu_316_+:PR	0.6555478	0.006385433	0.014542074	0.00815664
chr10:101608937:101609366:clu_316_+:PR	-0.1768484	0.5443113	0.53923535	-0.0050759315
chr10:101609044:101609366:clu_316_+:NE	0.70922863	0.003360823	0.008075977	0.004715154
chr10:102144307:102145019:clu_317_+:PR	-1.6984873	0.3624995	0.12588933	-0.23661017
chr10:102144307:102148371:clu_317_+:PR	3.4963949	0.010810436	0.6770697	0.6662593
chr10:102147392:102148371:clu_317_+:PR	-1.7979082	0.6266901	0.19704092	-0.42964917
chr10:102152530:102157018:clu_318_+:PR	-0.9836097	0.30822614	0.28892624	-0.019299895
chr10:102152530:102159192:clu_318_+:UP	2.7688692	0.0002913309	0.011640855	0.011349524
chr10:102157555:102158048:clu_318_+:PR	-0.7973156	0.27576318	0.31142983	0.035666645
chr10:102158214:102159192:clu_318_+:PR	-0.98794436	0.41571936	0.38800305	-0.027716309
chr10:102157074:102157185:clu_319_+:PR	-0.100089096	0.5366928	0.48671743	-0.049975365
chr10:102157074:102157188:clu_319_+:PR	0.10008909	0.46330723	0.51328254	0.049975306
chr10:102159308:102159432:clu_320_+:PR	0.5055288	0.8542306	0.9415432	0.08731264
chr10:102159338:102159432:clu_320_+:PR	-0.50552875	0.14576943	0.05845678	-0.08731265
chr10:102160024:102160232:clu_321_+:PR	-0.11270785	0.49531722	0.4572703	-0.038046926
chr10:102160024:102160451:clu_321_+:PR	0.07295396	0.0021457872	0.0023851083	0.00023932103
chr10:102160343:102160451:clu_321_+:PR	0.039753873	0.50253695	0.5403446	0.037807643
chr10:102359435:102360183:clu_322_+:PR	0.017637298	0.5245515	0.4852262	-0.039325297
chr10:102359435:102361021:clu_322_+:UP	-0.2021256	0.013951597	0.010359486	-0.0035921112
chr10:102360395:102361021:clu_322_+:PR	0.18448833	0.4614969	0.50441426	0.04291737
chr10:102450330:102451398:clu_327_+:IN	-0.19316033	0.09603395	0.08326861	-0.0127653405
chr10:102450330:102455336:clu_327_+:IN	-0.16527617	0.566964	0.50550085	-0.061463118
chr10:102451018:102451398:clu_327_+:IN	0.21532157	0.024457624	0.031905994	0.0074483696
chr10:102452187:102455336:clu_327_+:IN	0.14311494	0.3125445	0.3793245	0.06678
chr10:102645187:102654652:clu_332_+:PR	-0.022740029	0.43606132	0.42491162	-0.011149704
chr10:102654748:102655079:clu_332_+:PR	0.022740027	0.5639387	0.57508844	0.011149764
chr10:102656137:102656244:clu_333_+:UP	0.05499647	0.048632286	0.05398153	0.005349245
chr10:102656137:102656269:clu_333_+:PR	-0.054996468	0.9513677	0.94601846	-0.005349219
chr10:104008356:104010815:clu_342_+:PR	-0.13042933	0.03438325	0.034268476	-0.00011477247
chr10:104008356:104018159:clu_342_+:PR	-0.14340279	0.93471014	0.919582	-0.015128136
chr10:104010908:104018159:clu_342_+:PR	0.27383214	0.030906532	0.046149455	0.015242923
chr10:104254499:104255162:clu_344_+:PR	0.937043	0.00040446594	0.01712034	0.016715875
chr10:104254573:104255162:clu_344_+:NE	1.9777316	0.0007074601	0.08478088	0.08407342
chr10:104254962:104255162:clu_344_+:PR	-2.914775	0.9988881	0.89809877	-0.10078931
chr10:104259798:104262978:clu_345_+:PR	-0.65660334	0.5947349	0.5119128	-0.082822084
chr10:104259798:104266083:clu_345_+:PR	1.0223469	0.0062106205	0.028652756	0.022442136
chr10:104263077:104266083:clu_345_+:PR	-0.3657437	0.39905453	0.45943442	0.060379893
chr10:110006151:110100624:clu_348_+:PR	8.775895	1.5804979e-05	0.12824485	0.12822904
chr10:110008299:110075617:clu_348_+:NE	-0.33898503	0.010247605	0.009148003	-0.0010996023
chr10:110008299:110079239:clu_348_+:NE	-0.3634271	0.017687043	0.015407925	-0.0022791186
chr10:110008299:110100624:clu_348_+:PR	-0.21782811	0.78392607	0.78994477	0.006018698
chr10:110075709:110100624:clu_348_+:NE	-0.04185368	0.008754914	0.010519576	0.0017646626
chr10:110077118:110079239:clu_348_+:NE	-3.1099796	0.03092158	0.0017279766	-0.029193604
chr10:110077118:110100624:clu_348_+:NE	-4.216897	0.092203915	0.0017033248	-0.09050059
chr10:110079297:110100624:clu_348_+:NE	-0.4869244	0.05624304	0.04330354	-0.012939498
chr10:110100848:110105999:clu_349_+:UP	0.3553315	0.030969588	0.07136765	0.04039806
chr10:110100848:110112776:clu_349_+:PR	-0.56572723	0.93218434	0.85517883	-0.077005506
chr10:110106053:110112776:clu_349_+:UP	0.21039586	0.036846075	0.07345348	0.036607403
chr10:110112915:110116258:clu_350_+:PR	0.860988	0.5764331	0.5576738	-0.01875931
chr10:110112915:110117341:clu_350_+:UP	-1.8219463	0.010508192	0.0006949855	-0.009813206
chr10:110116410:110117341:clu_350_+:PR	0.96095854	0.41305867	0.44163114	0.02857247
chr10:110130486:110132304:clu_351_+:PR	-1.5726368	0.49356928	0.18193668	-0.3116326
chr10:110130486:110133325:clu_351_+:PR	3.1722596	0.015140408	0.6417885	0.62664807
chr10:110132400:110133325:clu_351_+:PR	-1.5996233	0.49129036	0.17627482	-0.31501555
chr10:110208082:110228188:clu_352_+:PR	-1.4781362	0.69464403	0.23799519	-0.45664883
chr10:110226283:110228188:clu_352_+:PR	0.49351782	0.29858163	0.734763	0.4361814
chr10:110227386:110228188:clu_352_+:NE	0.9846182	0.0067743827	0.027241822	0.02046744
chr10:110228321:110244827:clu_353_+:PR	-0.14038458	0.5005793	0.47826824	-0.022311062
chr10:110228321:110279179:clu_353_+:PR	-0.32869646	0.0172488	0.0136513235	-0.0035974765
chr10:110244857:110245742:clu_353_+:UP	0.009842923	0.0027439552	0.003046622	0.0003026668
chr10:110244857:110279179:clu_353_+:PR	-0.048939716	0.47544125	0.49774796	0.02230671
chr10:110244873:110279179:clu_353_+:UP	0.5081778	0.003986696	0.0072858264	0.0032991306
chr10:110872018:110875965:clu_354_+:PR	0.52128595	0.3047245	0.44099373	0.13626921
chr10:110872018:110881232:clu_354_+:NE	0.21053323	0.013435397	0.014250079	0.0008146819
chr10:110876070:110876669:clu_354_+:PR	-0.84936804	0.034783587	0.01278297	-0.022000616
chr10:110876070:110881232:clu_354_+:PR	-0.07058324	0.5284892	0.42317063	-0.10531855
chr10:110876070:110881274:clu_354_+:PR	0.002477994	0.08006268	0.06896674	-0.011095941
chr10:110876753:110881232:clu_354_+:PR	0.1856541	0.03850462	0.03983591	0.0013312921
chr10:110890670:110894090:clu_355_+:PR	0.218372	0.33337176	0.28596237	-0.047409385
chr10:110890670:110894411:clu_355_+:PR	1.4775603	0.0019967225	0.006033319	0.0040365965
chr10:110894198:110894411:clu_355_+:PR	0.32336244	0.32598418	0.3105799	-0.015404284
chr10:110894198:110895947:clu_355_+:PR	-2.5646787	0.0047770324	0.00025343974	-0.0045235925
chr10:110894522:110895947:clu_355_+:PR	0.54538417	0.33387035	0.39717096	0.06330061
chr10:110919657:110951607:clu_356_+:PR	0.030393124	0.056559183	0.046930313	-0.00962887
chr10:110919657:110964124:clu_356_+:PR	0.27945805	0.8355062	0.88933957	0.053833365
chr10:110951792:110964124:clu_356_+:PR	-0.3098512	0.10793461	0.06373014	-0.044204466
chr10:110965061:110985627:clu_357_+:PR	0.10530031	0.477155	0.44807395	-0.029081047
chr10:110965061:111000414:clu_357_+:PR	-0.33383548	0.0075405166	0.0045643314	-0.0029761852
chr10:110985765:111000414:clu_357_+:PR	0.22853523	0.5153045	0.54736173	0.032057226
chr10:112426359:112426787:clu_360_+:PR	0.29979336	0.6050635	0.5482006	-0.05686289
chr10:112426359:112427217:clu_360_+:PR	-0.8636611	0.015794182	0.0044704764	-0.011323705
chr10:112426859:112427217:clu_360_+:PR	0.56386787	0.37914237	0.44732893	0.06818655
chr10:112527164:112533529:clu_362_+:PR	2.1252706	0.00544415	0.41829965	0.4128555
chr10:112527164:112538245:clu_362_+:PR	-3.8072112	0.98683834	0.20107566	-0.78576267
chr10:112533550:112538245:clu_362_+:PR	1.6819413	0.00771747	0.38062468	0.37290722
chr10:119104197:119104763:clu_378_+:PR	-0.31298676	0.4335387	0.40689564	-0.026643068
chr10:119104197:119107947:clu_378_+:NE	-0.05552431	0.26676044	0.32388517	0.057124734
chr10:119104197:119107967:clu_378_+:PR	-0.72646666	0.24509424	0.15213047	-0.09296377
chr10:119105495:119107947:clu_378_+:NE	1.0982391	0.018380396	0.0707453	0.0523649
chr10:119105495:119107967:clu_378_+:PR	-0.003261596	0.036226112	0.046343487	0.010117374
chr10:119108164:119111848:clu_379_+:PR	0.11603	0.515808	0.5066589	-0.009149075
chr10:119108164:119117518:clu_379_+:NE	-0.2773123	0.011726614	0.0077727353	-0.003953879
chr10:119111928:119117518:clu_379_+:PR	0.16128235	0.47246537	0.4855684	0.013103038
chr10:119132609:119136470:clu_380_+:PR	-0.11270742	0.95212173	0.9416765	-0.010445237
chr10:119132609:119137056:clu_380_+:UP	-0.03283203	0.014258259	0.015274438	0.0010161791
chr10:119136920:119137056:clu_380_+:NE	0.14553943	0.033620067	0.043049	0.009428933
chr10:119929762:119930328:clu_385_+:PR	-0.07664428	0.47832003	0.4402709	-0.03804913
chr10:119930431:119932132:clu_385_+:PR	0.07664427	0.52167994	0.55972916	0.03804922
chr10:120866764:120867065:clu_388_+:PR	-0.3327072	0.45182994	0.42736772	-0.024462223
chr10:120866764:120871169:clu_388_+:UP	0.5966342	0.012458121	0.02984606	0.017387938
chr10:120867169:120871169:clu_388_+:PR	-0.2639271	0.53571194	0.5427862	0.007074237
chr10:120890009:120890715:clu_390_+:PR	-0.06296435	0.5024079	0.4854714	-0.01693651
chr10:120890009:120900028:clu_390_+:UP	0.06095963	0.022920344	0.025069624	0.0021492802
chr10:120890887:120900028:clu_390_+:PR	0.002004709	0.47467175	0.48945892	0.014787167
chr10:120904142:120904645:clu_391_+:PR	3.1212804	0.98412055	0.9999686	0.01584804
chr10:120904142:120904649:clu_391_+:UP	-3.1212802	0.015879435	3.1380765e-05	-0.015848055
chr10:122397974:122400342:clu_398_+:PR	0.07660987	0.47550666	0.51378846	0.0382818
chr10:122406673:122412919:clu_398_+:PR	-0.076609865	0.5244934	0.4862116	-0.0382818
chr10:123034515:123037746:clu_404_+:PR	-0.079261534	0.5182924	0.5051301	-0.013162315
chr10:123034515:123040465:clu_404_+:PR	0.11994109	0.03925565	0.04669208	0.007436432
chr10:123037847:123040465:clu_404_+:PR	-0.04067959	0.4424519	0.4481778	0.00572592
chr10:123162828:123163819:clu_405_+:PR	-0.19307241	0.57700497	0.4810954	-0.095909566
chr10:123162828:123165046:clu_405_+:PR	0.1930724	0.42299503	0.51890457	0.095909536
chr10:124498128:124498327:clu_407_+:PR	-1.1347853	0.25376552	0.03395417	-0.21981135
chr10:124498128:124517179:clu_407_+:PR	1.1347853	0.7462345	0.96604586	0.21981138
chr10:125827638:125830561:clu_413_+:PR	-0.15033682	0.59048396	0.57508034	-0.015403628
chr10:125827638:125831419:clu_413_+:PR	0.2433099	0.0061584013	0.008890925	0.0027325237
chr10:125830651:125831419:clu_413_+:PR	-0.092973135	0.4033576	0.4160288	0.012671202
chr10:125833946:125836103:clu_414_+:PR	0.083158135	0.5190082	0.56030154	0.041293323
chr10:125833946:125841254:clu_414_+:PR	-0.08315813	0.4809918	0.4396985	-0.041293323
chr10:128070901:128072137:clu_424_+:PR	1.097686	0.90689063	0.9887004	0.08180976
chr10:128071741:128072137:clu_424_+:NE	-1.0976859	0.093109354	0.011299656	-0.0818097
chr10:130145319:130159994:clu_425_+:PR	-0.8237008	0.99246615	0.9620713	-0.030394852
chr10:130159834:130159994:clu_425_+:UP	0.8237007	0.00753389	0.037928723	0.030394834
chr10:131901330:131911561:clu_427_+:UP	-0.8810658	0.038427155	0.0068140076	-0.03161315
chr10:131901330:131934457:clu_427_+:PR	0.88106567	0.9615728	0.993186	0.03161317
chr10:131934555:131934893:clu_428_+:UP	0.2795052	0.085470244	0.15735967	0.07188943
chr10:131934555:131940030:clu_428_+:PR	-0.54483044	0.8110638	0.6548309	-0.15623295
chr10:131935006:131940030:clu_428_+:UP	0.26532534	0.10346587	0.18780945	0.08434358
chr10:131940694:131943967:clu_429_+:PR	-0.27558967	0.92940813	0.88354665	-0.045861483
chr10:131940694:131944094:clu_429_+:UP	0.27558967	0.07059188	0.116453335	0.045861453
chr10:132337695:132342212:clu_435_+:PR	0.8478164	0.33440998	0.47400334	0.13959336
chr10:132337695:132344497:clu_435_+:UP	-1.4058496	0.19746833	0.029393073	-0.16807525
chr10:132342271:132344497:clu_435_+:PR	0.55803347	0.46812165	0.49660355	0.0284819
chr10:132348356:132348962:clu_436_+:PR	-0.42440468	0.23769307	0.12079857	-0.1168945
chr10:132348356:132351606:clu_436_+:PR	0.57975227	0.51541096	0.7149878	0.19957685
chr10:132349057:132351606:clu_436_+:PR	-0.15534769	0.24689603	0.16421367	-0.082682356
chr10:132726905:132749516:clu_440_+:PR	0.800132	0.509332	0.5048619	-0.00447011
chr10:132749845:132753772:clu_440_+:UP	-1.638241	0.0106564285	0.0009221709	-0.009734258
chr10:132749845:132765772:clu_440_+:PR	0.8381094	0.4800116	0.49421597	0.014204353
chr10:132781897:132782036:clu_441_+:PR	0.3527423	0.027899612	0.05492157	0.02702196
chr10:132781948:132782036:clu_441_+:PR	-0.35274228	0.97210044	0.94507843	-0.027022004
chr10:133381659:133383959:clu_444_+:PR	-0.052083336	0.4185321	0.37734985	-0.04118225
chr10:133381659:133388955:clu_444_+:PR	-0.13239364	0.13384224	0.111360274	-0.02248197
chr10:133384212:133388955:clu_444_+:PR	0.184477	0.44762564	0.5112899	0.06366426
chr10:133389068:133389589:clu_445_+:PR	0.7925525	0.46487644	0.5435567	0.07868025
chr10:133389068:133391311:clu_445_+:PR	-0.8852652	0.034190416	0.007466976	-0.02672344
chr10:133389747:133391311:clu_445_+:PR	0.57989323	0.45335323	0.42853612	-0.02481711
chr10:133391098:133391311:clu_445_+:NE	0.01585067	0.02393941	0.012873703	-0.011065708
chr10:133391154:133391311:clu_445_+:NE	-0.50303113	0.023640405	0.00756654	-0.016073866
chr10:133394184:133395712:clu_446_+:PR	-0.5306328	0.032664835	0.011549327	-0.021115508
chr10:133394332:133395712:clu_446_+:PR	0.5306328	0.96733516	0.9884507	0.021115541
chr10:133399226:133399528:clu_447_+:PR	-0.18042909	0.7055738	0.6255387	-0.08003509
chr10:133401590:133402148:clu_447_+:PR	0.18042907	0.29442623	0.37446126	0.08003503
chr10:133399619:133401528:clu_448_+:PR	0.078464486	0.9881407	0.9898456	0.0017048717
chr10:133399653:133401528:clu_448_+:UP	-0.07846448	0.011859294	0.010154397	-0.0017048968
chr10:813213:814636:clu_453_-:PR	-1.0924159	0.15766478	0.020622412	-0.13704236
chr10:813213:814741:clu_453_-:PR	1.0924158	0.8423352	0.9793776	0.1370424
chr10:864270:870008:clu_454_-:UP	0.29052684	0.006505652	0.008555956	0.0020503043
chr10:864270:870012:clu_454_-:PR	-0.27686054	0.09004706	0.06714814	-0.02289892
chr10:864270:884446:clu_454_-:PR	0.050115153	0.813876	0.84164023	0.02776426
chr10:870083:884446:clu_454_-:NE	-0.06378138	0.08957134	0.08265566	-0.006915681
chr10:1043393:1043998:clu_455_-:PR	-0.17824276	0.64650077	0.5441254	-0.10237539
chr10:1043393:1048863:clu_455_-:NE	0.1690287	0.14790155	0.17616545	0.028263897
chr10:1044171:1048263:clu_455_-:PR	-0.30659533	0.006093752	0.004510991	-0.0015827613
chr10:1044171:1048863:clu_455_-:PR	0.31580934	0.19950397	0.27519822	0.07569425
chr10:3140812:3143388:clu_458_-:PR	-0.4932534	0.9965797	0.99087965	-0.005700052
chr10:3141737:3143388:clu_458_-:PR	0.49325338	0.0034203385	0.009120368	0.00570003
chr10:3143501:3144291:clu_459_-:PR	-0.3305793	0.96816933	0.9584317	-0.009737611
chr10:3143731:3144291:clu_459_-:PR	0.7625544	0.00636009	0.018785166	0.012425076
chr10:3143775:3144291:clu_459_-:PR	-0.43197525	0.025470588	0.022783114	-0.0026874747
chr10:3147737:3147986:clu_460_-:PR	0.7759068	0.52100927	0.558254	0.037244737
chr10:3147737:3149620:clu_460_-:PR	-1.4731576	0.0372284	0.004208279	-0.033020124
chr10:3148291:3149620:clu_460_-:PR	0.69725114	0.44176236	0.43753767	-0.004224688
chr10:3148063:3148167:clu_461_-:PR	0.0818559	0.027251668	0.031944204	0.004692536
chr10:3148063:3148170:clu_461_-:PR	-0.08185589	0.97274834	0.9680558	-0.0046925545
chr10:3779590:3780105:clu_462_-:PR	-0.009900605	0.46437475	0.45945323	-0.0049215257
chr10:3780229:3781640:clu_462_-:PR	0.009900604	0.5356253	0.54054683	0.0049215555
chr10:3782214:3783215:clu_463_-:UP	-0.4692457	0.022037582	0.009600651	-0.012436931
chr10:3782214:3784912:clu_463_-:PR	0.37749574	0.9654465	0.98084414	0.015397668
chr10:3783281:3784912:clu_463_-:UP	0.09174992	0.012515922	0.009555133	-0.002960789
chr10:5766295:5766493:clu_467_-:PR	0.24947537	0.54751825	0.5596149	0.012096643
chr10:5766295:5768212:clu_467_-:PR	-0.45553893	0.0051645404	0.0026081859	-0.0025563545
chr10:5766638:5768212:clu_467_-:PR	0.20606363	0.44731724	0.4377769	-0.009540349
chr10:5786050:5794884:clu_468_-:PR	0.16626656	0.4993359	0.48753598	-0.0117999315
chr10:5786050:5796762:clu_468_-:PR	0.26706925	0.014509871	0.01566951	0.0011596391
chr10:5794989:5796762:clu_468_-:PR	-0.6488137	0.0030572983	0.0013211946	-0.0017361037
chr10:5795019:5796762:clu_468_-:PR	0.21547785	0.48309687	0.49547336	0.012376487
chr10:5800705:5811873:clu_469_-:PR	-0.34134462	0.00439388	0.0020083901	-0.0023854896
chr10:5800705:5813213:clu_469_-:PR	0.44688204	0.98868674	0.9939878	0.0053010583
chr10:5811956:5813213:clu_469_-:PR	-0.10553749	0.006919367	0.004003833	-0.0029155337
chr10:5878287:5880297:clu_470_-:PR	-0.19386223	0.40929794	0.4278365	0.018538564
chr10:5878287:5883005:clu_470_-:PR	0.5261613	0.027907725	0.05993285	0.032025125
chr10:5880376:5883005:clu_470_-:PR	-0.33229917	0.5627943	0.51223063	-0.050563693
chr10:12035441:12042754:clu_483_-:PR	-0.206828	0.88001174	0.82904655	-0.05096519
chr10:12035441:12042913:clu_483_-:PR	0.20682798	0.119988285	0.17095342	0.050965138
chr10:12167811:12170716:clu_484_-:PR	-0.6861054	0.9979432	0.99193686	-0.00600636
chr10:12170156:12170716:clu_484_-:PR	0.6861053	0.0020567589	0.008063155	0.0060063964
chr10:12179132:12180394:clu_485_-:UP	0.41461143	0.0050091827	0.027319537	0.022310354
chr10:12179132:12184888:clu_485_-:PR	-1.337536	0.9910866	0.9372816	-0.053804994
chr10:12180489:12184888:clu_485_-:UP	0.9229248	0.0039041366	0.035398852	0.031494714
chr10:13288541:13291824:clu_487_-:PR	-0.015221708	0.043227706	0.041985963	-0.0012417436
chr10:13288541:13291830:clu_487_-:PR	0.015221707	0.9567723	0.9580141	0.0012417436
chr10:13319356:13322834:clu_489_-:PR	0.60446846	0.51827115	0.54129213	0.023020983
chr10:13319356:13328350:clu_489_-:PR	-1.1248661	0.0049680807	0.00092049787	-0.004047583
chr10:13323047:13328350:clu_489_-:PR	0.52039784	0.47676075	0.45778733	-0.01897341
chr10:13338808:13340690:clu_490_-:PR	0.031659935	0.0043937126	0.0037806744	-0.0006130382
chr10:13338808:13344757:clu_490_-:PR	0.14658213	0.7952898	0.76766735	-0.027622461
chr10:13338808:13347999:clu_490_-:PR	-1.447662	0.017278027	0.00338665	-0.013891377
chr10:13345028:13347276:clu_490_-:PR	1.853544	0.028847689	0.15349093	0.124643244
chr10:13345028:13347999:clu_490_-:PR	-0.58412445	0.15419078	0.07167442	-0.08251636
chr10:13647035:13651902:clu_494_-:PR	1.540594	0.022381065	0.3547975	0.33241645
chr10:13647035:13654415:clu_494_-:PR	-2.709828	0.9380045	0.21201661	-0.7259879
chr10:13651974:13654415:clu_494_-:PR	1.1692343	0.039614473	0.43318582	0.39357135
chr10:13675044:13693481:clu_495_-:PR	-0.17269185	0.21384932	0.17357463	-0.040274695
chr10:13675044:13693897:clu_495_-:PR	0.08550738	0.5866174	0.61640733	0.029789925
chr10:13693517:13693897:clu_495_-:PR	0.087184444	0.1995333	0.21001802	0.010484725
chr10:14522019:14530331:clu_497_-:PR	0.40374964	0.9742882	0.98836756	0.014079332
chr10:14530186:14530331:clu_497_-:UP	-0.40374961	0.025711726	0.011632413	-0.014079314
chr10:14530515:14553321:clu_498_-:PR	-2.5530822	0.32402804	0.21393129	-0.11009675
chr10:14530515:14571762:clu_498_-:PR	2.9249804	0.0015312558	0.2420092	0.24047793
chr10:14530515:14571923:clu_498_-:PR	7.603474	7.1379927e-06	0.121395916	0.12138878
chr10:14530515:14604239:clu_498_-:PR	-2.492182	0.5011961	0.35168028	-0.14951581
chr10:14553387:14604239:clu_498_-:PR	-3.0780447	0.16437879	0.06420209	-0.1001767
chr10:14602850:14604239:clu_498_-:NE	-2.405145	0.008858696	0.006781252	-0.0020774435
chr10:15106698:15109701:clu_506_-:UP	-0.61302155	0.13368331	0.04332143	-0.09036188
chr10:15109215:15109701:clu_506_-:PR	0.6130215	0.8663167	0.95667857	0.09036189
chr10:15135418:15140986:clu_507_-:PR	0.625435	0.067487694	0.28843892	0.22095123
chr10:15135418:15141421:clu_507_-:PR	-1.4986577	0.8851536	0.45223713	-0.43291646
chr10:15141029:15141421:clu_507_-:PR	0.873223	0.04735877	0.25932395	0.21196519
chr10:15837318:15837541:clu_509_-:PR	-2.3020635	0.040927116	0.0017579676	-0.039169148
chr10:15837318:15838227:clu_509_-:PR	1.5730023	0.22030668	0.45598143	0.23567475
chr10:15837318:15841425:clu_509_-:NE	-0.86546916	0.5274132	0.09529187	-0.43212134
chr10:15838279:15841425:clu_509_-:PR	1.5945296	0.21135302	0.44696876	0.23561575
chr10:16695155:16752538:clu_510_-:PR	0.5899939	0.9906695	0.99711424	0.006444752
chr10:16727157:16752538:clu_510_-:UP	-0.58999383	0.009330526	0.0028857589	-0.006444767
chr10:16782084:16816972:clu_511_-:PR	0.06909577	0.54846984	0.5179879	-0.030481935
chr10:16782084:16817314:clu_511_-:PR	-0.34578192	0.079478025	0.04957182	-0.029906206
chr10:16817084:16817314:clu_511_-:PR	0.27668622	0.37205216	0.43244022	0.06038806
chr10:18648645:18651128:clu_517_-:PR	0.16236314	0.978178	0.98413265	0.005954623
chr10:18648645:18655024:clu_517_-:PR	-0.16236313	0.021822007	0.01586732	-0.0059546866
chr10:21920963:21928505:clu_522_-:PR	-0.22498834	0.4959321	0.54365355	0.047721446
chr10:21920963:21929039:clu_522_-:UP	0.7117954	0.015898427	0.044472773	0.028574346
chr10:21928552:21929039:clu_522_-:PR	-0.4868071	0.48816943	0.41187373	-0.0762957
chr10:22567889:22569012:clu_524_-:PR	-0.1201528	0.010353139	0.003086218	-0.007266921
chr10:22567889:22573310:clu_524_-:PR	1.1082764	0.97756064	0.9954013	0.017840683
chr10:22569054:22573310:clu_524_-:PR	-0.9881237	0.012086136	0.0015124708	-0.010573666
chr10:24589302:24590205:clu_525_-:PR	2.4969	0.0055198176	0.26849484	0.26297504
chr10:24589302:24591224:clu_525_-:PR	-1.9718469	0.35046422	0.19539022	-0.155074
chr10:24589302:24591641:clu_525_-:PR	-5.161796	0.31546864	0.0072416584	-0.30822697
chr10:24590479:24591224:clu_525_-:PR	5.9387794	0.00011257967	0.17110415	0.17099157
chr10:24591330:24591641:clu_525_-:PR	-1.3020371	0.32843477	0.35776916	0.029334396
chr10:26751783:26755654:clu_533_-:PR	1.9281485	0.012229735	0.29524273	0.283013
chr10:26751783:26759061:clu_533_-:PR	-2.421557	0.37268287	0.11615784	-0.25652504
chr10:26751783:26765217:clu_533_-:PR	-3.661647	0.23115146	0.0208469	-0.21030456
chr10:26755741:26759061:clu_533_-:PR	1.430496	0.010408981	0.15277159	0.14236261
chr10:26755741:26765217:clu_533_-:PR	2.3822963	0.0018860007	0.0717031	0.069817096
chr10:26759235:26765217:clu_533_-:PR	-1.7735614	0.108262904	0.064507425	-0.04375548
chr10:26759238:26763879:clu_533_-:PR	2.0403981	0.0021244483	0.057379644	0.055255197
chr10:26759238:26765217:clu_533_-:PR	-1.9629263	0.25775492	0.12708575	-0.13066918
chr10:26763960:26765217:clu_533_-:PR	2.0383525	0.0034987396	0.09430499	0.090806246
chr10:26770345:26771074:clu_534_-:PR	1.8455628	0.16263658	0.4983325	0.33569592
chr10:26770345:26777064:clu_534_-:PR	-3.6990201	0.6775535	0.00811452	-0.66943896
chr10:26771089:26777064:clu_534_-:PR	1.8534579	0.15980999	0.49355298	0.33374298
chr10:27134981:27136275:clu_538_-:PR	0.13108501	0.556143	0.563729	0.0075860023
chr10:27134981:27148905:clu_538_-:PR	0.6006533	0.007237779	0.011733296	0.0044955174
chr10:27145590:27147497:clu_538_-:PR	-0.46013355	0.013768451	0.0077269115	-0.00604154
chr10:27145590:27148905:clu_538_-:PR	0.13605817	0.39021307	0.39750767	0.0072945952
chr10:27147668:27148905:clu_538_-:PR	-0.407663	0.03263761	0.01930309	-0.01333452
chr10:27136385:27142386:clu_539_-:PR	-0.2041611	0.5813301	0.54765004	-0.03368008
chr10:27136385:27145427:clu_539_-:PR	0.30400363	0.028001681	0.043848787	0.015847106
chr10:27142485:27145427:clu_539_-:PR	-0.09984261	0.3906682	0.40850118	0.017832965
chr10:27219857:27223206:clu_541_-:PR	-0.34312254	0.33704922	0.21121381	-0.1258354
chr10:27219857:27223337:clu_541_-:PR	0.6041581	0.36102322	0.5833952	0.22237197
chr10:27223239:27223337:clu_541_-:PR	-0.2610357	0.3019276	0.20539108	-0.09653652
chr10:27231820:27235091:clu_542_-:PR	-0.5432581	0.44326213	0.49259377	0.049331635
chr10:27231820:27240318:clu_542_-:PR	1.3563546	0.0053245584	0.03954605	0.034221493
chr10:27235212:27240318:clu_542_-:PR	-0.8130967	0.55141336	0.4678602	-0.083553165
chr10:27240474:27240673:clu_543_-:PR	-0.35224944	0.18924694	0.14147006	-0.047776878
chr10:27240484:27240673:clu_543_-:PR	-0.1466115	0.67374784	0.6186436	-0.055104256
chr10:27240484:27242058:clu_543_-:PR	0.49886093	0.13700522	0.23988628	0.10288106
chr10:31831800:31839304:clu_552_-:PR	-0.12791586	0.24128148	0.22835688	-0.012924597
chr10:31831800:31839636:clu_552_-:PR	-1.6997334	0.16082276	0.031608652	-0.12921411
chr10:31831800:31843460:clu_552_-:PR	2.1600218	0.025453443	0.23739712	0.21194367
chr10:31839319:31839636:clu_552_-:PR	0.11265849	0.21004142	0.25285712	0.0428157
chr10:31839711:31843460:clu_552_-:PR	-0.44503066	0.36240086	0.24978027	-0.11262059
chr10:31852597:31854065:clu_553_-:PR	0.28703666	0.37439322	0.45451623	0.08012301
chr10:31852597:31861394:clu_553_-:PR	-0.38410214	0.21541825	0.1336694	-0.08174884
chr10:31854206:31861394:clu_553_-:PR	0.09706552	0.41018853	0.41181436	0.0016258359
chr10:32018156:32018315:clu_554_-:PR	-0.016841594	0.4817913	0.47338763	-0.008403659
chr10:32018387:32018501:clu_554_-:PR	0.016841594	0.5182087	0.5266124	0.0084037185
chr10:32272167:32273013:clu_555_-:PR	0.3423319	0.14470184	0.16276518	0.018063337
chr10:32272167:32273162:clu_555_-:PR	0.30184853	0.72414833	0.7822278	0.05807948
chr10:32273082:32273162:clu_555_-:PR	-0.6441805	0.13114984	0.055007048	-0.076142795
chr10:32273281:32273921:clu_556_-:NE	-0.09726183	0.11085169	0.10439538	-0.006456308
chr10:32273281:32284697:clu_556_-:PR	-0.052975357	0.7975172	0.78507733	-0.012439847
chr10:32274038:32284697:clu_556_-:UP	0.15023719	0.09163109	0.11052724	0.018896148
chr10:32932600:32933350:clu_558_-:PR	0.37928015	0.029222887	0.033607412	0.004384525
chr10:32932600:32935491:clu_558_-:PR	0.25591716	0.9366402	0.95215774	0.015517533
chr10:32933583:32935491:clu_558_-:PR	-0.6351973	0.03413691	0.014234892	-0.019902017
chr10:32935558:32953592:clu_559_-:PR	0.7415524	0.023793042	0.06318154	0.0393885
chr10:32935558:32958144:clu_559_-:PR	-0.27363932	0.96178144	0.9253894	-0.036392033
chr10:32953809:32958144:clu_559_-:PR	-0.467913	0.014425576	0.0114290295	-0.0029965462
chr10:35010442:35011847:clu_568_-:PR	-0.0076455623	0.48096186	0.50347966	0.0225178
chr10:35010442:35013698:clu_568_-:PR	0.10761404	0.004988778	0.00586033	0.00087155215
chr10:35011964:35013698:clu_568_-:PR	-0.09996849	0.51404935	0.49066007	-0.02338928
chr10:35071339:35089895:clu_569_-:PR	0.44929382	0.15783997	0.22245035	0.06461038
chr10:35071339:35090178:clu_569_-:PR	-0.13948248	0.5120752	0.40054148	-0.1115337
chr10:35071339:35090429:clu_569_-:PR	0.36296794	0.27046165	0.3496479	0.07918626
chr10:35090001:35090178:clu_569_-:PR	-0.6727792	0.05962317	0.027360313	-0.032262858
chr10:37856337:37856434:clu_572_-:PR	-1.500426	0.62300885	0.5480923	-0.07491654
chr10:37856337:37857184:clu_572_-:NE	-0.91967446	0.075027	0.117976174	0.042949177
chr10:37856532:37857184:clu_572_-:PR	-1.4525454	0.296213	0.27337447	-0.022838533
chr10:37856532:37857764:clu_572_-:PR	3.4555197	0.00021967238	0.027445734	0.02722606
chr10:37856532:37858004:clu_572_-:PR	0.41712564	0.0055314	0.033111334	0.027579933
chr10:42632024:42632294:clu_579_-:PR	0.4131087	0.28517792	0.3233418	0.03816387
chr10:42632024:42636919:clu_579_-:NE	-0.52088463	0.089581914	0.039915178	-0.049666736
chr10:42632439:42636919:clu_579_-:PR	0.30876964	0.2614673	0.26708493	0.0056176186
chr10:42632439:42638473:clu_579_-:PR	-0.52317315	0.011760296	0.0052280785	-0.006532218
chr10:42636972:42638473:clu_579_-:PR	0.32217962	0.3520126	0.36443	0.012417406
chr10:43644801:43645957:clu_582_-:UP	0.45319048	0.036160987	0.08497746	0.048816476
chr10:43644801:43646063:clu_582_-:PR	-0.45319042	0.963839	0.9150225	-0.048816502
chr10:43646202:43648584:clu_583_-:PR	0.69618833	0.0587318	0.2007088	0.14197701
chr10:43646202:43648801:clu_583_-:PR	-0.6961883	0.9412682	0.79929125	-0.14197695
chr10:45461411:45463150:clu_584_-:PR	2.1442254	0.006179513	0.2074891	0.20130959
chr10:45461411:45464238:clu_584_-:PR	-1.7197503	0.9444391	0.6654444	-0.27899474
chr10:45463996:45464238:clu_584_-:PR	-0.42447472	0.04938132	0.12706663	0.07768531
chr10:45533289:45553111:clu_585_-:PR	-0.24514548	0.3983359	0.3036211	-0.09471479
chr10:45533289:45594234:clu_585_-:PR	0.36359203	0.2506117	0.35111964	0.100507945
chr10:45553204:45594234:clu_585_-:PR	0.020491613	0.32555377	0.32364577	-0.0019080043
chr10:45593624:45594234:clu_585_-:NE	-0.13893825	0.025498616	0.021613456	-0.0038851593
chr10:46014552:46014853:clu_590_-:PR	-0.44194832	0.51407605	0.50267905	-0.011397004
chr10:46014552:46015125:clu_590_-:PR	0.8481311	0.00191738	0.0068115513	0.0048941714
chr10:46014942:46015125:clu_590_-:PR	-0.40618294	0.4840065	0.49050942	0.0065029263
chr10:46015266:46016539:clu_591_-:PR	-0.5195991	0.55837286	0.51838386	-0.039988995
chr10:46015266:46030525:clu_591_-:PR	0.5435459	0.014362088	0.03860671	0.024244621
chr10:46016694:46019322:clu_591_-:PR	0.9716271	0.0013580965	0.0056013037	0.004243207
chr10:46016694:46023329:clu_591_-:PR	-0.5796722	0.0077171456	0.006746749	-0.0009703967
chr10:46016694:46030525:clu_591_-:PR	-0.41590172	0.41818982	0.43066132	0.012471497
chr10:49885295:49908454:clu_604_-:UP	-0.7443823	0.04401074	0.019513842	-0.024496898
chr10:49885295:49915916:clu_604_-:PR	0.0023449764	0.8719911	0.81582254	-0.056168556
chr10:49908541:49915916:clu_604_-:UP	0.7420373	0.083998136	0.1646636	0.08066546
chr10:49922419:49922546:clu_605_-:PR	0.03889289	0.3466207	0.36444086	0.01782015
chr10:49922669:49932099:clu_605_-:PR	-0.038892888	0.65337926	0.63555914	-0.01782012
chr10:50311415:50327204:clu_609_-:PR	-0.13214055	0.61506164	0.6290602	0.013998568
chr10:50327322:50340386:clu_609_-:PR	0.34353334	0.010326395	0.016994359	0.006667964
chr10:50327322:50343491:clu_609_-:PR	-0.21139285	0.37461197	0.35394546	-0.02066651
chr10:63168109:63168434:clu_630_-:UP	-0.4119649	0.022867374	0.010162451	-0.012704923
chr10:63168134:63168434:clu_630_-:PR	0.41196486	0.9771326	0.9898375	0.012704909
chr10:63193097:63193344:clu_631_-:PR	0.5166531	0.007554283	0.020943701	0.013389418
chr10:63193151:63193344:clu_631_-:PR	-0.51665306	0.9924457	0.97905624	-0.013389468
chr10:67936235:67939587:clu_636_-:PR	-0.4975113	0.5316345	0.54475564	0.013121128
chr10:67936235:67954594:clu_636_-:PR	1.1143327	0.0069316574	0.03559923	0.028667575
chr10:67941105:67954594:clu_636_-:PR	-0.6168215	0.46143386	0.4196451	-0.041788757
chr10:67956976:67959112:clu_637_-:PR	1.2908317	0.07234935	0.48103267	0.40868333
chr10:67956976:67966682:clu_637_-:PR	-2.7670176	0.87537354	0.10060784	-0.77476573
chr10:67959136:67966682:clu_637_-:PR	1.4761865	0.05227705	0.41835955	0.3660825
chr10:67992682:68014025:clu_639_-:PR	0.31561998	0.9460213	0.9705427	0.02452141
chr10:67996138:68014025:clu_639_-:UP	-0.31561995	0.05397867	0.029457232	-0.024521438
chr10:68394451:68396779:clu_645_-:PR	-0.12092775	0.5482151	0.51718223	-0.03103286
chr10:68394451:68401619:clu_645_-:PR	0.12688324	0.03110433	0.037595548	0.0064912178
chr10:68396881:68401619:clu_645_-:PR	-0.0059555024	0.4206806	0.44522226	0.024541646
chr10:68493198:68493448:clu_648_-:PR	-0.01682958	0.5775135	0.54156923	-0.035944283
chr10:68493198:68503631:clu_648_-:UP	-0.12745064	0.026779447	0.022482844	-0.0042966027
chr10:68493570:68503631:clu_648_-:PR	0.14428025	0.39570698	0.4359479	0.040240914
chr10:70140141:70142667:clu_651_-:PR	0.24840243	0.63228613	0.6764462	0.044160068
chr10:70140141:70145420:clu_651_-:PR	0.32924658	0.033889074	0.039308764	0.00541969
chr10:70143972:70145420:clu_651_-:PR	0.042178158	0.31877786	0.27748895	-0.041288912
chr10:70143972:70146532:clu_651_-:UP	-0.61982715	0.015046911	0.0067561534	-0.008290758
chr10:70161931:70162689:clu_653_-:PR	-1.5358036	0.15219976	0.0034661423	-0.14873362
chr10:70161931:70170412:clu_653_-:PR	2.5122201	0.7612365	0.9930848	0.2318483
chr10:70162759:70170412:clu_653_-:PR	-0.976417	0.08656375	0.0034491094	-0.08311464
chr10:70209685:70210194:clu_654_-:NE	-0.13760369	0.0027031072	0.0020541153	-0.0006489919
chr10:70209685:70213462:clu_654_-:PR	0.13760367	0.99729687	0.9979459	0.000649035
chr10:70301508:70323862:clu_656_-:PR	0.076482594	0.21277297	0.27131203	0.058539063
chr10:70301508:70340552:clu_656_-:PR	-0.07835781	0.058379855	0.06376308	0.005383227
chr10:70324030:70340552:clu_656_-:PR	-0.032705326	0.24064624	0.27511352	0.03446728
chr10:70324030:70376451:clu_656_-:PR	-0.005156046	0.013195646	0.015507011	0.0023113647
chr10:70340702:70376451:clu_656_-:PR	-0.6834502	0.29966354	0.17871125	-0.12095229
chr10:70340702:70382548:clu_656_-:PR	1.543466	0.014309664	0.07911975	0.06481008
chr10:70376596:70382493:clu_656_-:PR	-0.3215842	0.0068368325	0.0058550327	-0.0009817998
chr10:70376596:70382548:clu_656_-:PR	-0.49869487	0.1541952	0.11061833	-0.043576874
chr10:70882485:70885151:clu_657_-:UP	-0.1721523	0.05493757	0.03956816	-0.015369412
chr10:70884048:70885151:clu_657_-:PR	0.17215228	0.9450624	0.9604318	0.015369415
chr10:70885929:70887852:clu_658_-:UP	0.9546295	0.0076030456	0.04915767	0.041554626
chr10:70885929:70888530:clu_658_-:PR	-0.95462936	0.99239695	0.9508423	-0.04155463
chr10:71822007:71823887:clu_660_-:PR	1.7893714	0.067779966	0.5168676	0.44908762
chr10:71822007:71825836:clu_660_-:PR	-3.4897337	0.86780113	0.033729658	-0.83407146
chr10:71823896:71825836:clu_660_-:PR	1.7003632	0.06441895	0.4494028	0.38498387
chr10:72097450:72102333:clu_662_-:PR	0.5922709	0.03365909	0.07742283	0.043763738
chr10:72097450:72102849:clu_662_-:PR	0.015901051	0.07468907	0.096540466	0.021851398
chr10:72097450:72128081:clu_662_-:PR	-0.40009588	0.7675061	0.65443885	-0.11306727
chr10:72102412:72102849:clu_662_-:PR	-0.043189332	0.038548462	0.046967424	0.008418962
chr10:72102412:72128081:clu_662_-:PR	-0.4009918	0.017474148	0.0148865525	-0.002587596
chr10:72102967:72128081:clu_662_-:PR	0.23610513	0.068123125	0.10974389	0.04162077
chr10:72133181:72152868:clu_663_-:PR	0.21839556	0.57205576	0.5560281	-0.01602763
chr10:72133181:72161537:clu_663_-:PR	-0.5952679	0.061309315	0.026412852	-0.034896463
chr10:72152988:72161537:clu_663_-:PR	0.37687242	0.3666349	0.41755897	0.050924063
chr10:72210831:72212187:clu_665_-:NE	-0.12410797	0.0101346625	0.009831492	-0.00030317064
chr10:72210831:72213186:clu_665_-:PR	-0.10033508	0.97199374	0.96560186	-0.006391883
chr10:72212285:72213186:clu_665_-:NE	0.22444305	0.017871546	0.024566654	0.0066951085
chr10:72213277:72216206:clu_666_-:PR	2.9564726	0.015907232	0.032483887	0.016576655
chr10:72213331:72215776:clu_666_-:PR	1.4160949	0.015957663	0.0069833696	-0.008974293
chr10:72213331:72215781:clu_666_-:PR	2.4685066	0.2918022	0.36579755	0.07399535
chr10:72213331:72216206:clu_666_-:PR	2.2671363	0.5802624	0.594734	0.0144715905
chr10:72213331:72216820:clu_666_-:PR	-9.108211	0.09607052	1.1298947e-06	-0.09606939
chr10:72334617:72335779:clu_667_-:PR	-0.6530644	0.7279837	0.42025858	-0.30772513
chr10:72334617:72335833:clu_667_-:PR	0.65306437	0.27201626	0.57974136	0.3077251
chr10:72375872:72379463:clu_668_-:UP	0.06876918	0.008242515	0.009517164	0.001274649
chr10:72375872:72407928:clu_668_-:PR	-0.077246614	0.9813541	0.97917354	-0.0021805763
chr10:72379583:72407928:clu_668_-:UP	0.008477449	0.0104033435	0.011309315	0.000905972
chr10:72508269:72524734:clu_670_-:PR	5.1149144	8.867214e-07	0.036452368	0.03645148
chr10:72508269:72533745:clu_670_-:PR	-5.600346	0.9207792	0.8404577	-0.08032155
chr10:72524746:72533745:clu_670_-:PR	7.661246	2.0613086e-07	0.10812833	0.10812812
chr10:72533162:72533745:clu_670_-:PR	-7.1758137	0.079219714	0.014961554	-0.06425816
chr10:73014289:73016845:clu_672_-:PR	4.14059	0.99398893	0.99999845	0.006009519
chr10:73014289:73030270:clu_672_-:PR	-4.1405897	0.0060110344	1.5314266e-06	-0.006009503
chr10:73030370:73043886:clu_673_-:PR	-0.39517096	0.7004086	0.5147214	-0.18568718
chr10:73030370:73044980:clu_673_-:PR	0.3951709	0.29959136	0.48527858	0.18568721
chr10:73043957:73046924:clu_674_-:PR	-0.38347545	0.72099936	0.5454921	-0.17550725
chr10:73045051:73046924:clu_674_-:PR	0.38347542	0.2790007	0.45450792	0.17550722
chr10:73148404:73152292:clu_675_-:PR	-0.20386001	0.3431438	0.3659878	0.022844017
chr10:73148404:73154255:clu_675_-:PR	0.9178976	0.0025633727	0.008394122	0.0058307494
chr10:73152421:73154255:clu_675_-:PR	-0.37157875	0.32299694	0.29130608	-0.031690866
chr10:73152421:73156274:clu_675_-:UP	-0.08133577	0.003158041	0.0038073235	0.0006492825
chr10:73154448:73156274:clu_675_-:PR	-0.26112318	0.3281378	0.33050466	0.0023668706
chr10:73160551:73163732:clu_676_-:PR	0.51731414	0.4852762	0.5239273	0.03865108
chr10:73160551:73167865:clu_676_-:PR	-0.94023967	0.04048044	0.010174654	-0.030305784
chr10:73163950:73167865:clu_676_-:PR	0.4229257	0.47424337	0.46589813	-0.008345246
chr10:73249318:73251762:clu_677_-:PR	0.08621329	0.032171503	0.03799565	0.0058241487
chr10:73250991:73251762:clu_677_-:PR	-0.08621328	0.9678286	0.96200436	-0.0058242083
chr10:73252023:73252469:clu_678_-:PR	-0.3568532	0.9782322	0.9565452	-0.02168703
chr10:73252037:73252469:clu_678_-:UP	0.35685316	0.021767844	0.043454792	0.021686949
chr10:73376217:73377444:clu_681_-:UP	-0.07664012	0.0046053543	0.0036805966	-0.0009247577
chr10:73376217:73378910:clu_681_-:PR	0.14896876	0.9927099	0.99416447	0.0014545918
chr10:73377566:73378910:clu_681_-:UP	-0.072328664	0.0026847348	0.0021549093	-0.00052982545
chr10:73388414:73396043:clu_682_-:PR	2.109518	0.004901839	0.39421698	0.38931516
chr10:73388414:73396518:clu_682_-:PR	-3.834623	0.9878378	0.20823523	-0.7796025
chr10:73396109:73396518:clu_682_-:PR	1.7251058	0.007260411	0.39754775	0.39028734
chr10:73398385:73400802:clu_683_-:PR	-0.29038045	0.58770114	0.53323054	-0.0544706
chr10:73398385:73414011:clu_683_-:NE	-0.38923538	0.024147468	0.019847138	-0.00430033
chr10:73400857:73408194:clu_683_-:PR	0.763784	0.009467997	0.024650991	0.015182994
chr10:73400857:73414011:clu_683_-:PR	-0.08416813	0.37868336	0.42227134	0.043587983
chr10:73438420:73439871:clu_684_-:PR	0.5613843	0.5121891	0.5107952	-0.0013939142
chr10:73438420:73444724:clu_684_-:PR	-1.1653804	0.021378731	0.00379205	-0.017586682
chr10:73439901:73444724:clu_684_-:PR	0.6039962	0.46643218	0.48541272	0.018980533
chr10:73446573:73454411:clu_685_-:PR	-1.9141072	0.4815316	0.49067864	0.009147048
chr10:73446576:73448663:clu_685_-:PR	0.9613212	0.00097344146	0.017589962	0.016616521
chr10:73446576:73454411:clu_685_-:PR	-2.036004	0.51731217	0.46664426	-0.05066791
chr10:73448690:73454411:clu_685_-:PR	2.9887896	0.00018280075	0.025087146	0.024904346
chr10:73798059:73802673:clu_695_-:UP	0.20703629	0.0057984693	0.0087468745	0.0029484052
chr10:73802576:73802673:clu_695_-:PR	-0.20703627	0.9942015	0.99125314	-0.0029483438
chr10:73802776:73802971:clu_696_-:PR	-0.12679426	0.91219723	0.8896504	-0.022546828
chr10:73802776:73803008:clu_696_-:UP	0.12679425	0.08780275	0.11034961	0.022546858
chr10:73817554:73818208:clu_697_-:UP	-1.6386414	0.03582192	0.020547004	-0.015274914
chr10:73817554:73819531:clu_697_-:PR	0.1097679	0.10301069	0.33947402	0.23646334
chr10:73817554:73821681:clu_697_-:PR	-1.8780106	0.7977688	0.36018035	-0.43758842
chr10:73818895:73819531:clu_697_-:UP	3.3824701	0.00013618953	0.011840889	0.0117047
chr10:73819617:73821681:clu_697_-:UP	-0.37284368	0.0042237644	0.008590696	0.004366932
chr10:73819645:73821681:clu_697_-:PR	0.3972569	0.059038576	0.25936708	0.2003285
chr10:73824084:73825278:clu_698_-:PR	-2.494679	0.29400966	0.20629764	-0.08771202
chr10:73824084:73825320:clu_698_-:PR	-3.493964	0.07241304	0.018705333	-0.05370771
chr10:73824084:73828088:clu_698_-:PR	5.5295773	9.099453e-05	0.1950016	0.1949106
chr10:73824084:73837467:clu_698_-:PR	-3.1522403	0.07767657	0.028238881	-0.04943769
chr10:73825347:73828088:clu_698_-:PR	4.4255805	9.5468706e-05	0.06783035	0.067734875
chr10:73825347:73837467:clu_698_-:PR	-3.0988035	0.5524564	0.21186668	-0.3405897
chr10:73828121:73837467:clu_698_-:PR	2.2845292	0.0032579731	0.27205953	0.26880157
chr10:73837511:73839538:clu_699_-:PR	1.202096	0.009047727	0.28913575	0.28008804
chr10:73837511:73842168:clu_699_-:PR	-3.129716	0.9864606	0.41434306	-0.57211757
chr10:73839601:73842168:clu_699_-:PR	1.9276204	0.0044916114	0.29652122	0.29202962
chr10:73849333:73852253:clu_700_-:PR	0.2683738	0.41817823	0.46213272	0.04395449
chr10:73849333:73860829:clu_700_-:NE	-0.36417472	0.009320907	0.005472065	-0.0038488423
chr10:73853246:73860829:clu_700_-:PR	0.09580102	0.57250094	0.53239524	-0.0401057
chr10:74138382:74138805:clu_702_-:PR	0.022853997	0.377452	0.3896823	0.012230307
chr10:74138382:74150754:clu_702_-:PR	0.0797011	0.23809901	0.2601926	0.022093594
chr10:74138931:74150754:clu_702_-:PR	-0.10255511	0.384449	0.3501251	-0.0343239
chr10:75234992:75235059:clu_703_-:PR	1.5659028	0.63644433	0.63538915	-0.001055181
chr10:75234992:75235834:clu_703_-:PR	-3.1826653	0.016586464	0.0001434684	-0.016442996
chr10:75235743:75235834:clu_703_-:PR	1.6167631	0.3469692	0.36446738	0.017498195
chr10:79766324:79804484:clu_717_-:IN	0.41510713	0.9270727	0.966843	0.039770305
chr10:79798027:79804484:clu_717_-:IN	-0.41510707	0.07292732	0.033156976	-0.039770342
chr10:79804527:79806038:clu_718_-:IN	0.058852848	0.3375385	0.3620692	0.024530679
chr10:79804527:79814612:clu_718_-:IN	-0.30958048	0.005570332	0.004133717	-0.0014366149
chr10:79806122:79808758:clu_718_-:IN	-0.042683586	0.2610938	0.25302765	-0.008066148
chr10:79806122:79808762:clu_718_-:IN	0.43614733	0.04465694	0.06985766	0.025200717
chr10:79806122:79814612:clu_718_-:IN	0.7666234	0.025334002	0.05515093	0.029816927
chr10:79808832:79814612:clu_718_-:IN	-0.2361464	0.31009948	0.24765816	-0.06244132
chr10:79808963:79814612:clu_718_-:IN	-0.67321324	0.015706938	0.008102656	-0.0076042814
chr10:79814716:79825287:clu_719_-:IN	-0.5328902	0.01681221	0.0058556516	-0.010956559
chr10:79814716:79826197:clu_719_-:IN	0.53289014	0.9831878	0.9941444	0.010956585
chr10:80155912:80156377:clu_720_-:PR	-3.7924223	0.0044631977	2.7084716e-05	-0.004436113
chr10:80155912:80157640:clu_720_-:PR	1.4187487	0.49094644	0.54612905	0.055182606
chr10:80155912:80157966:clu_720_-:PR	0.69054514	0.0032894507	0.0017665653	-0.0015228854
chr10:80156498:80157640:clu_720_-:PR	0.47197753	0.0021801097	0.0009409401	-0.0012391696
chr10:80157763:80157966:clu_720_-:PR	1.2111503	0.49912074	0.45113635	-0.04798439
chr10:80172869:80176106:clu_722_-:PR	0.025153577	0.40794635	0.4026167	-0.0053296387
chr10:80172869:80205342:clu_722_-:PR	0.32604682	0.222289	0.29640326	0.07411426
chr10:80176155:80180940:clu_722_-:PR	-0.022597643	0.01732328	0.016299745	-0.0010235347
chr10:80176155:80205342:clu_722_-:PR	-0.17551127	0.3478086	0.28085452	-0.06695408
chr10:80181455:80205342:clu_722_-:NE	-0.1530915	0.00463281	0.003825801	-0.0008070092
chr10:87288495:87307956:clu_725_-:IN	0.71223265	0.1809268	0.20084876	0.019921958
chr10:87288495:87326629:clu_725_-:IN	0.6404336	0.6074319	0.62759846	0.020166576
chr10:87308060:87326629:clu_725_-:IN	0.69585985	0.13091435	0.14296933	0.01205498
chr10:87320199:87326629:clu_725_-:IN	-0.25650853	0.04652063	0.019601658	-0.026918974
chr10:87324165:87326629:clu_725_-:IN	-1.432926	0.016082322	0.0020897023	-0.01399262
chr10:87325108:87326629:clu_725_-:IN	-0.35909137	0.018124055	0.0068921004	-0.011231955
chr10:87326672:87330891:clu_726_-:IN	-0.71188027	0.12652436	0.017495427	-0.109028935
chr10:87326672:87336785:clu_726_-:IN	1.5336269	0.73214346	0.95622015	0.22407669
chr10:87331096:87336785:clu_726_-:IN	-0.14174852	0.060010217	0.014675084	-0.045335133
chr10:87334814:87336785:clu_726_-:IN	-0.6799984	0.081321985	0.011609256	-0.06971273
chr10:89228398:89245675:clu_730_-:PR	-0.24398863	0.6428654	0.64806914	0.005203724
chr10:89228398:89251736:clu_730_-:PR	0.5220303	0.0033151128	0.0071891462	0.0038740335
chr10:89247649:89251736:clu_730_-:PR	-0.27804175	0.35381943	0.3447417	-0.009077728
chr10:92475994:92478644:clu_737_-:PR	-0.6431935	0.06358326	0.05262768	-0.010955583
chr10:92475994:92479276:clu_737_-:PR	-0.548479	0.40530655	0.3687984	-0.036508143
chr10:92478789:92479276:clu_737_-:UP	1.9639974	0.0055911103	0.062756404	0.057165295
chr10:92478789:92483254:clu_737_-:PR	-0.4188916	0.030003829	0.03107858	0.0010747518
chr10:92479421:92480792:clu_737_-:PR	0.30121702	0.014890774	0.031691365	0.01680059
chr10:92479421:92483254:clu_737_-:PR	-0.5472039	0.45050365	0.4104474	-0.04005626
chr10:92480916:92483254:clu_737_-:PR	-0.10744625	0.030120896	0.042600166	0.01247927
chr10:93670848:93672041:clu_740_-:UP	-1.7596241	0.06062341	0.0019080127	-0.0587154
chr10:93670848:93676652:clu_740_-:PR	1.759624	0.9393766	0.998092	0.058715403
chr10:95633049:95633490:clu_753_-:PR	0.14543813	0.85332894	0.88613236	0.032803416
chr10:95633049:95633496:clu_753_-:PR	-0.14543812	0.14667104	0.1138677	-0.03280334
chr10:95687159:95687246:clu_755_-:PR	-0.1497965	0.44563493	0.48907736	0.043442428
chr10:95687159:95692919:clu_755_-:PR	0.48610368	0.0051944167	0.010767207	0.00557279
chr10:95687719:95692919:clu_755_-:PR	-0.3363073	0.5491706	0.50015545	-0.049015164
chr10:96192092:96196907:clu_759_-:PR	1.6650219	0.5181979	0.64659274	0.12839484
chr10:96192092:96200074:clu_759_-:PR	-2.808303	0.0046602353	6.634417e-05	-0.004593891
chr10:96197063:96200074:clu_759_-:PR	1.1432818	0.4771419	0.3533409	-0.12380099
chr10:96527496:96528030:clu_763_-:PR	5.0023317	0.9880618	0.99999946	0.011937678
chr10:96527545:96528030:clu_763_-:UP	-5.0023313	0.011938161	5.4598775e-07	-0.011937615
chr10:97436551:97437190:clu_770_-:PR	-0.00085785985	0.4891062	0.5799068	0.09080061
chr10:97437750:97438662:clu_770_-:UP	0.419703	0.020774528	0.037508823	0.016734295
chr10:97437750:97438669:clu_770_-:PR	-0.4188452	0.49011925	0.38258433	-0.107534915
chr10:97441259:97443236:clu_771_-:PR	-0.30803692	0.507329	0.48483965	-0.02248934
chr10:97441259:97445731:clu_771_-:PR	1.1867504	0.014967459	0.06377263	0.048805173
chr10:97443311:97445452:clu_771_-:UP	0.6446563	0.0050844825	0.012598085	0.0075136027
chr10:97443311:97445731:clu_771_-:PR	-0.3306807	0.46749392	0.4367675	-0.030726433
chr10:97445606:97445731:clu_771_-:UP	-1.1926892	0.0051251464	0.0020221581	-0.0031029882
chr10:97459282:97459361:clu_772_-:PR	-0.39935955	0.56207186	0.55088705	-0.011184812
chr10:97459282:97459658:clu_772_-:PR	1.4912268	0.0008821042	0.005726138	0.004844034
chr10:97459505:97459658:clu_772_-:PR	-0.73416317	0.0099272225	0.0069613764	-0.002965846
chr10:97459526:97459658:clu_772_-:PR	-0.3577043	0.4271188	0.43642545	0.009306639
chr10:97466156:97466503:clu_773_-:PR	-0.10407699	0.15695824	0.13133676	-0.025621474
chr10:97466159:97466503:clu_773_-:PR	0.10407698	0.8430418	0.86866325	0.025621474
chr10:97467583:97468251:clu_774_-:PR	0.085756	0.53052825	0.5903704	0.05984217
chr10:97467583:97469645:clu_774_-:PR	-0.27426252	0.005033199	0.003907564	-0.0011256351
chr10:97467603:97468251:clu_774_-:UP	0.37627795	0.019606933	0.029174125	0.009567192
chr10:97469104:97469645:clu_774_-:PR	-0.18777138	0.44483158	0.37654787	-0.06828371
chr10:97476744:97476834:clu_775_-:PR	-0.11049442	0.5006229	0.48944727	-0.011175662
chr10:97476744:97477346:clu_775_-:PR	0.20507634	0.041755505	0.055970546	0.014215041
chr10:97476963:97477346:clu_775_-:PR	-0.094581954	0.45762157	0.45458215	-0.0030394197
chr10:97477404:97477854:clu_776_-:PR	-0.07114865	0.060011275	0.05246922	-0.007542055
chr10:97477416:97477854:clu_776_-:PR	0.07114864	0.9399887	0.9475308	0.0075421333
chr10:97478389:97480240:clu_777_-:PR	-0.11542173	0.039035786	0.04494933	0.0059135444
chr10:97478389:97480941:clu_777_-:PR	-0.29254562	0.93222815	0.89920485	-0.033023298
chr10:97480357:97480941:clu_777_-:PR	0.4079674	0.02873598	0.055845905	0.027109925
chr10:97481042:97484102:clu_778_-:PR	-0.65094656	0.5554265	0.50839484	-0.04703164
chr10:97481042:97498272:clu_778_-:UP	1.3827325	0.018904544	0.13223802	0.11333347
chr10:97484151:97498272:clu_778_-:PR	-0.73178625	0.42566904	0.35936716	-0.06630188
chr10:98425720:98425817:clu_785_-:PR	-0.45580566	0.5184868	0.5114358	-0.007050991
chr10:98425720:98427214:clu_785_-:PR	0.9049388	0.0036519966	0.014045837	0.010393841
chr10:98425985:98427214:clu_785_-:PR	-0.4491333	0.47786117	0.47451836	-0.0033428073
chr10:98429642:98429790:clu_786_-:PR	0.04727425	0.38481086	0.39646888	0.011658013
chr10:98429642:98430570:clu_786_-:PR	-0.086737104	0.20926587	0.18856442	-0.020701453
chr10:98429889:98430570:clu_786_-:PR	0.039462864	0.40592325	0.41496667	0.009043425
chr10:98430670:98431130:clu_787_-:PR	0.49119842	0.47344947	0.4811124	0.007662922
chr10:98430670:98433939:clu_787_-:PR	-0.7691571	0.0745651	0.021485383	-0.053079717
chr10:98430670:98433982:clu_787_-:PR	-0.69146705	0.020449987	0.006368555	-0.014081432
chr10:98431291:98433939:clu_787_-:UP	0.31018513	0.07828752	0.06638232	-0.011905201
chr10:98431291:98433982:clu_787_-:PR	0.6592407	0.35324803	0.42465135	0.071403325
chr10:98434091:98435271:clu_788_-:PR	-0.6308675	0.39076912	0.29211524	-0.09865388
chr10:98434091:98435634:clu_788_-:PR	1.3385671	0.061336964	0.3286025	0.26726553
chr10:98435414:98435634:clu_788_-:PR	-0.70769995	0.5478939	0.37928227	-0.16861162
chr10:98435772:98443123:clu_789_-:PR	0.6760332	0.71307355	0.90571696	0.1926434
chr10:98442957:98443123:clu_789_-:NE	-0.67603314	0.28692645	0.0942831	-0.19264334
chr10:98445404:98446806:clu_790_-:PR	-0.14499299	0.06712675	0.051092546	-0.016034205
chr10:98445413:98446806:clu_790_-:PR	0.14499298	0.93287325	0.9489075	0.016034245
chr10:99612599:99613695:clu_791_-:PR	-0.49552774	0.4213353	0.46836278	0.04702747
chr10:99612599:99620044:clu_791_-:PR	1.2153587	0.0033499496	0.020607315	0.017257366
chr10:99613924:99620044:clu_791_-:PR	-0.7198311	0.5753147	0.5110299	-0.0642848
chr10:99713479:99716347:clu_792_-:PR	-0.22753158	0.0730203	0.047595244	-0.025425058
chr10:99714718:99716347:clu_792_-:PR	0.22753157	0.92697966	0.95240474	0.025425076
chr10:100190968:100192458:clu_795_-:UP	1.36133	0.02371352	0.26991564	0.24620213
chr10:100190968:100193297:clu_795_-:PR	-1.3613299	0.9762865	0.73008436	-0.24620211
chr10:100235764:100236849:clu_796_-:PR	0.1308093	0.46754724	0.5087627	0.04121548
chr10:100235764:100238021:clu_796_-:PR	-0.10415996	0.053977545	0.046436246	-0.007541299
chr10:100236969:100238021:clu_796_-:PR	-0.026649319	0.4784752	0.44480106	-0.03367415
chr10:100253539:100256261:clu_799_-:PR	0.3995548	0.24482651	0.2470474	0.002220884
chr10:100253539:100260217:clu_799_-:UP	0.79291034	0.010486917	0.015682014	0.005195097
chr10:100253539:100267570:clu_799_-:UP	2.1967568	0.0069066263	0.042043876	0.03513725
chr10:100256476:100260217:clu_799_-:PR	0.3993891	0.28644076	0.2889912	0.002550453
chr10:100256476:100260965:clu_799_-:PR	-5.658434	0.0072663175	1.7150835e-05	-0.0072491667
chr10:100256476:100267570:clu_799_-:UP	1.3658515	0.0048707174	0.012917309	0.008046592
chr10:100260319:100260965:clu_799_-:PR	0.34498802	0.27672276	0.26440436	-0.0123184025
chr10:100262063:100267570:clu_799_-:PR	0.15898372	0.16247948	0.12889665	-0.03358282
chr10:100281053:100282905:clu_801_-:PR	-0.9552956	0.018177712	0.0027324918	-0.01544522
chr10:100281053:100286096:clu_801_-:PR	0.95529556	0.9818223	0.9972675	0.015445173
chr10:100286213:100286300:clu_802_-:PR	0.49041706	0.009578827	0.01904889	0.009470063
chr10:100286213:100286604:clu_802_-:PR	-0.20281643	0.9438717	0.93843204	-0.005439639
chr10:100286332:100286604:clu_802_-:NE	-0.28760058	0.046549506	0.042519055	-0.004030451
chr10:100489761:100490007:clu_804_-:PR	-0.31854337	0.68885183	0.5757708	-0.11308104
chr10:100489761:100490705:clu_804_-:PR	0.14705124	0.0092016505	0.012251655	0.0030500041
chr10:100490322:100490705:clu_804_-:PR	0.17149208	0.30194652	0.4119775	0.11003098
chr10:100496431:100497134:clu_805_-:PR	0.16572692	0.43446168	0.3902595	-0.04420218
chr10:100496431:100497666:clu_805_-:UP	-0.57136136	0.050555628	0.02172992	-0.028825708
chr10:100497280:100497666:clu_805_-:PR	0.40563452	0.5149827	0.5880106	0.07302791
chr10:100498207:100498704:clu_806_-:PR	-0.22697763	0.41017255	0.34279838	-0.06737417
chr10:100498207:100499159:clu_806_-:UP	0.23475794	0.15212536	0.20174508	0.04961972
chr10:100498804:100499159:clu_806_-:PR	-0.0077803656	0.4377021	0.4554565	0.017754406
chr10:100499598:100500109:clu_808_-:UP	0.049022913	0.23332998	0.23136002	-0.0019699633
chr10:100499598:100502253:clu_808_-:PR	0.25706935	0.44829878	0.54731673	0.09901795
chr10:100500159:100502253:clu_808_-:UP	-0.3060923	0.31837127	0.22132325	-0.097048014
chr10:100506420:100507424:clu_809_-:PR	-0.1623627	0.47387826	0.412554	-0.06132427
chr10:100506420:100507907:clu_809_-:UP	0.07554609	0.016145874	0.017831914	0.0016860403
chr10:100507567:100507907:clu_809_-:PR	0.086816594	0.50997585	0.5696141	0.05963826
chr10:100509102:100509315:clu_811_-:PR	-0.44373685	0.46797743	0.4160792	-0.05189824
chr10:100509102:100516095:clu_811_-:UP	0.8616343	0.041611042	0.13648194	0.094870895
chr10:100509511:100516095:clu_811_-:PR	-0.41789767	0.49041158	0.4474388	-0.042972773
chr10:100516960:100523976:clu_812_-:NE	3.6282463	8.8929555e-06	0.0010961189	0.001087226
chr10:100516960:100526398:clu_812_-:UP	-3.3651836	0.019005079	0.0021501714	-0.016854908
chr10:100516960:100526974:clu_812_-:UP	-4.0190845	0.0062573166	0.00036813412	-0.0058891824
chr10:100523929:100526398:clu_812_-:PR	-1.177694	0.97469896	0.9828532	0.008154213
chr10:100524139:100526398:clu_812_-:PR	4.933717	2.9758115e-05	0.013532417	0.013502658
chr10:100527074:100529365:clu_813_-:UP	-0.8157872	0.015410736	0.003052508	-0.012358228
chr10:100527074:100529379:clu_813_-:PR	0.81578714	0.9845893	0.9969475	0.012358248
chr10:100529506:100529766:clu_814_-:PR	0.44218993	0.9893664	0.99558103	0.0062146187
chr10:100529506:100529857:clu_814_-:PR	-0.4421899	0.010633587	0.0044189384	-0.0062146485
chr10:100983817:100983947:clu_816_-:PR	-0.6726483	0.1743938	0.08560964	-0.088784166
chr10:100983817:100984033:clu_816_-:PR	-0.13002066	0.052825246	0.04461629	-0.008208957
chr10:100983817:100986748:clu_816_-:PR	0.21882285	0.2838323	0.33979303	0.055960715
chr10:100984074:100986748:clu_816_-:PR	-0.44958073	0.16756137	0.102811694	-0.06474967
chr10:100986572:100986686:clu_816_-:PR	0.048396677	0.25581226	0.25826102	0.0024487674
chr10:100986572:100986748:clu_816_-:PR	0.9850303	0.065575086	0.16890837	0.10333329
chr10:100986975:100987089:clu_817_-:PR	-0.4365767	0.5502854	0.5598846	0.009599209
chr10:100986975:100987312:clu_817_-:PR	0.9465456	0.004799893	0.019472625	0.014672732
chr10:100987196:100987312:clu_817_-:PR	-0.50996906	0.4449147	0.42064276	-0.024271935
chr10:101579817:101580247:clu_819_-:PR	0.24362086	0.9789301	0.98695034	0.008020222
chr10:101579838:101580247:clu_819_-:PR	-0.24362083	0.021069905	0.013049678	-0.008020227
chr10:101583681:101584601:clu_820_-:PR	-0.5073188	0.32357374	0.30452996	-0.019043773
chr10:101583681:101584877:clu_820_-:PR	-0.10215985	0.04704012	0.06638707	0.019346952
chr10:101583681:101587245:clu_820_-:PR	0.70367724	0.023440134	0.07405352	0.050613385
chr10:101584720:101584877:clu_820_-:NE	-0.53105855	0.015737068	0.014463405	-0.0012736628
chr10:101586156:101587245:clu_820_-:PR	-0.64939415	0.383969	0.31350932	-0.07045969
chr10:101586156:101588203:clu_820_-:NE	5.259219	8.0224825e-05	0.024117993	0.024037769
chr10:101587200:101588203:clu_820_-:PR	-1.6248237	0.007975511	0.002455213	-0.005520298
chr10:101587406:101587821:clu_820_-:PR	-0.77690417	0.0363994	0.02616204	-0.010237362
chr10:101587406:101587884:clu_820_-:PR	-1.8384823	0.067560844	0.016797123	-0.05076372
chr10:101587406:101588203:clu_820_-:PR	0.06724489	0.09422392	0.15752438	0.06330046
chr10:101584919:101585315:clu_821_-:PR	0.1539284	0.44575822	0.45920122	0.013442993
chr10:101584919:101585861:clu_821_-:PR	-0.2676769	0.024445927	0.016519973	-0.007925954
chr10:101585478:101585861:clu_821_-:PR	0.11374854	0.5297959	0.5242788	-0.0055170655
chr10:101781854:101782257:clu_823_-:PR	0.053360205	0.50477	0.53140885	0.026638865
chr10:101782351:101782477:clu_823_-:PR	-0.0533602	0.49523002	0.4685912	-0.026638806
chr10:101782597:101782838:clu_824_-:PR	-0.36601943	0.5589116	0.5402425	-0.018669128
chr10:101782597:101783272:clu_824_-:UP	0.84580266	0.033232037	0.107917085	0.07468505
chr10:101782924:101783272:clu_824_-:PR	-0.47978336	0.40785635	0.35184047	-0.05601588
chr10:101787523:101790895:clu_825_-:PR	0.14240035	0.44716838	0.49329725	0.04612887
chr10:101787523:101792838:clu_825_-:PR	-0.10118559	0.016041508	0.013870585	-0.0021709232
chr10:101791439:101792838:clu_825_-:PR	-0.041214738	0.53679013	0.49283218	-0.04395795
chr10:101792901:101793912:clu_826_-:PR	0.06766754	0.024335468	0.02318953	-0.0011459384
chr10:101792943:101793912:clu_826_-:PR	0.009643854	0.5004886	0.45003566	-0.050452918
chr10:101792943:101797979:clu_826_-:UP	0.4101036	0.021112168	0.02833369	0.007221522
chr10:101793744:101797979:clu_826_-:UP	-0.7021229	0.0041936957	0.0018506884	-0.0023430074
chr10:101793998:101797979:clu_826_-:PR	0.21470806	0.4498701	0.4965903	0.046720177
chr10:101799455:101800241:clu_827_-:PR	0.10276883	0.51909	0.5465153	0.02742529
chr10:101799455:101803734:clu_827_-:PR	-0.09750179	0.011819864	0.0101858135	-0.0016340502
chr10:101800400:101803734:clu_827_-:PR	-0.0052670166	0.4690902	0.4432989	-0.025791287
chr10:101804019:101806044:clu_828_-:PR	0.30863094	0.5177662	0.53367376	0.015907586
chr10:101804019:101807729:clu_828_-:PR	-0.567959	0.012337036	0.005292427	-0.0070446096
chr10:101806143:101807729:clu_828_-:PR	0.25932822	0.4698968	0.46103376	-0.008863032
chr10:101827993:101828150:clu_830_-:PR	0.46615466	0.37619027	0.4518518	0.07566151
chr10:101827993:101828388:clu_830_-:PR	-0.63946825	0.02189119	0.008703459	-0.013187731
chr10:101828258:101828388:clu_830_-:PR	0.17331369	0.6019185	0.5394447	-0.062473834
chr10:101992038:101993537:clu_833_-:PR	-0.07086298	0.49570188	0.4944568	-0.0012450814
chr10:101992038:101995296:clu_833_-:PR	0.14082281	0.00878138	0.010824419	0.0020430386
chr10:101993603:101995296:clu_833_-:PR	-0.06995987	0.49551675	0.49471873	-0.0007980168
chr10:102111536:102114405:clu_834_-:PR	-0.7166064	0.48639184	0.18427342	-0.30211842
chr10:102111536:102120085:clu_834_-:PR	0.7166063	0.5136082	0.8157266	0.30211836
chr10:102424792:102425114:clu_839_-:PR	-0.2615913	0.5950498	0.5805058	-0.01454401
chr10:102424792:102432525:clu_839_-:NE	0.4700776	0.0028983552	0.005877121	0.0029787656
chr10:102425198:102432525:clu_839_-:PR	-0.2084864	0.40205187	0.41361713	0.011565268
chr10:102481172:102481836:clu_840_-:PR	0.3936438	0.5010245	0.5143697	0.013345242
chr10:102481172:102483010:clu_840_-:PR	-0.7418904	0.0059892596	0.001975302	-0.0040139575
chr10:102482175:102483010:clu_840_-:PR	0.34824666	0.49298626	0.48365495	-0.009331316
chr10:102489138:102490548:clu_841_-:PR	-0.26776373	0.525341	0.49485645	-0.030484527
chr10:102489138:102502599:clu_841_-:UP	0.42552584	0.0072505553	0.013661585	0.0064110295
chr10:102490613:102502599:clu_841_-:PR	-0.1577622	0.46740842	0.49148193	0.024073511
chr10:103097374:103098930:clu_842_-:PR	-0.085708916	0.94935095	0.9404443	-0.008906662
chr10:103098088:103098930:clu_842_-:UP	0.08570891	0.050649032	0.059555694	0.008906662
chr10:103100019:103100751:clu_843_-:UP	-0.25188813	0.2188667	0.17127909	-0.04758762
chr10:103100019:103101044:clu_843_-:PR	0.018002477	0.6676236	0.6843343	0.016710699
chr10:103100943:103101044:clu_843_-:UP	0.23388563	0.113509774	0.14438662	0.030876845
chr10:103101326:103105357:clu_844_-:PR	-0.20943725	0.17069373	0.09359771	-0.077096015
chr10:103101326:103105705:clu_844_-:PR	0.6607117	0.62533826	0.81858474	0.19324648
chr10:103105381:103105705:clu_844_-:PR	-0.4512745	0.20396805	0.08781754	-0.116150506
chr10:103106706:103111744:clu_845_-:UP	3.061065	0.12434381	0.2209342	0.096590385
chr10:103106706:103139405:clu_845_-:PR	2.3754637	0.3232874	0.2893842	-0.03390321
chr10:103111805:103139405:clu_845_-:UP	2.50098	0.08775641	0.08905857	0.0013021603
chr10:103111805:103174857:clu_845_-:NE	2.9008508	0.018976344	0.028725734	0.00974939
chr10:103139479:103174857:clu_845_-:PR	2.340971	0.43004817	0.37189722	-0.058150947
chr10:103169449:103174857:clu_845_-:NE	-13.17933	0.015587859	2.45082e-09	-0.015587856
chr10:103392466:103394198:clu_849_-:PR	-0.31825215	0.027082756	0.020042934	-0.0070398226
chr10:103392466:103395745:clu_849_-:PR	0.16192324	0.084561616	0.101153105	0.01659149
chr10:103392466:103396408:clu_849_-:PR	-0.04855734	0.81988674	0.79460126	-0.025285482
chr10:103394394:103395745:clu_849_-:PR	-0.073516585	0.0033676638	0.0031833504	-0.0001843134
chr10:103394394:103396408:clu_849_-:PR	0.03080051	0.015044522	0.015784778	0.00074025616
chr10:103396032:103396408:clu_849_-:PR	0.24760221	0.050056703	0.06523461	0.015177906
chr10:103450099:103451082:clu_850_-:PR	-0.047443684	0.4360532	0.4105849	-0.02546829
chr10:103450800:103451082:clu_850_-:NE	-0.035890352	0.124333985	0.1184325	-0.0059014857
chr10:103451182:103452155:clu_850_-:PR	-0.39201078	0.24668676	0.16457571	-0.082111046
chr10:103451285:103452155:clu_850_-:PR	0.4753448	0.19292606	0.30640692	0.11348085
chr10:103617314:103622469:clu_851_-:PR	-1.4343146	0.5140343	0.31458953	-0.19944474
chr10:103617314:103627088:clu_851_-:PR	2.9106936	0.00859016	0.40529066	0.3967005
chr10:103622553:103627088:clu_851_-:PR	-1.4763796	0.4773756	0.28011984	-0.19725576
chr10:103897719:103898292:clu_853_-:UP	0.27972683	0.025110828	0.029017035	0.0039062072
chr10:103897719:103898876:clu_853_-:PR	0.14797299	0.93768215	0.9497903	0.012108147
chr10:103898377:103898876:clu_853_-:UP	-0.4276998	0.03720706	0.02119268	-0.01601438
chr10:109873427:109875527:clu_856_-:PR	-0.85594076	0.60833323	0.54136986	-0.066963375
chr10:109873427:109877789:clu_856_-:PR	1.4528059	0.005772986	0.051692672	0.045919687
chr10:109873577:109875527:clu_856_-:PR	0.09560458	0.00201653	0.0046473783	0.0026308484
chr10:109875599:109877789:clu_856_-:PR	-0.69247013	0.38387728	0.40229014	0.018412858
chr10:109888595:109891721:clu_857_-:PR	0.2820601	0.23312064	0.2097169	-0.023403734
chr10:109888595:109907690:clu_857_-:NE	-0.20198664	0.004952894	0.0027459518	-0.0022069423
chr10:109891826:109893011:clu_857_-:PR	0.5595164	0.20995443	0.24927315	0.039318725
chr10:109891826:109907690:clu_857_-:PR	-0.34214443	0.005675988	0.002735304	-0.0029406839
chr10:109893075:109894015:clu_857_-:NE	-1.4282565	0.0077164085	0.0012551249	-0.0064612837
chr10:109893075:109907690:clu_857_-:PR	0.3576713	0.20227909	0.1962643	-0.006014794
chr10:109893075:109915010:clu_857_-:NE	0.011081754	0.0021133863	0.0014499306	-0.0006634557
chr10:109894110:109907690:clu_857_-:NE	-0.6055236	0.010275861	0.003805382	-0.006470479
chr10:109907815:109915010:clu_857_-:PR	0.47645155	0.16690217	0.18236344	0.015461266
chr10:109907815:109923401:clu_857_-:PR	0.5609735	0.008913887	0.010598647	0.0016847607
chr10:109915099:109923401:clu_857_-:PR	0.33015686	0.1480953	0.13979195	-0.008303344
chr10:110297728:110298647:clu_858_-:PR	0.049165845	0.9760645	0.9782574	0.0021929145
chr10:110297745:110298647:clu_858_-:UP	-0.04916584	0.023935454	0.021742595	-0.0021928586
chr10:110298790:110303467:clu_859_-:PR	-0.2641747	0.9305222	0.88759315	-0.042929053
chr10:110300736:110303467:clu_859_-:UP	0.26417467	0.06947781	0.11240681	0.042929
chr10:110900526:110901025:clu_861_-:UP	0.37407497	0.0036819715	0.0040224628	0.0003404913
chr10:110900526:110901537:clu_861_-:PR	0.3432196	0.35273102	0.37364128	0.020910263
chr10:110900526:110918120:clu_861_-:PR	1.0487921	0.0045322	0.009721797	0.005189597
chr10:110901122:110901537:clu_861_-:UP	-1.2710584	0.0057038143	0.001202554	-0.0045012604
chr10:110901612:110907679:clu_861_-:PR	-1.0086523	0.020058982	0.005498061	-0.014560921
chr10:110901612:110918120:clu_861_-:PR	0.3173989	0.30268863	0.31245938	0.009770751
chr10:110901612:110919120:clu_861_-:PR	0.7249801	0.021506043	0.033370927	0.011864884
chr10:110907836:110918120:clu_861_-:PR	-1.757267	0.021437302	0.0027794037	-0.018657899
chr10:110918213:110918844:clu_861_-:PR	0.9956944	0.0031436456	0.006394565	0.0032509195
chr10:110918213:110919120:clu_861_-:PR	0.23281825	0.26451644	0.25090957	-0.013606876
chr10:112428438:112432239:clu_862_-:PR	0.55014694	0.030777838	0.08711307	0.05633523
chr10:112430907:112432239:clu_862_-:PR	-0.5501469	0.9692222	0.912887	-0.05633521
chr10:112433281:112433540:clu_863_-:UP	-1.6104321	0.24359432	0.012692907	-0.2309014
chr10:112433281:112434296:clu_863_-:PR	1.610432	0.7564057	0.98730713	0.23090142
chr10:112443594:112445169:clu_864_-:PR	0.56812394	0.039617706	0.11386989	0.07425219
chr10:112443606:112445169:clu_864_-:PR	-0.5681239	0.9603823	0.88613015	-0.07425213
chr10:112445650:112446586:clu_865_-:PR	0.61988723	0.0271523	0.08794478	0.060792483
chr10:112445650:112446704:clu_865_-:PR	-0.6198872	0.9728477	0.91205525	-0.060792446
chr10:114451671:114453378:clu_872_-:PR	1.0635014	0.048787426	0.39516118	0.34637377
chr10:114451671:114465697:clu_872_-:PR	-1.9890745	0.9151144	0.3501265	-0.5649879
chr10:114453483:114465697:clu_872_-:PR	0.92557347	0.03609814	0.2547123	0.21861418
chr10:114473132:114473878:clu_873_-:PR	2.9450107	0.43157536	0.5424636	0.11088824
chr10:114473132:114487957:clu_873_-:PR	-5.4900393	0.02540642	6.933649e-06	-0.025399487
chr10:114473956:114487957:clu_873_-:PR	2.5450299	0.5430183	0.45752946	-0.085488826
chr10:114491878:114526638:clu_874_-:PR	-1.4954166	0.051613018	0.015467262	-0.036145754
chr10:114491878:114526659:clu_874_-:PR	-1.8747016	0.92795956	0.19031014	-0.73764944
chr10:114491878:114545004:clu_874_-:PR	3.3701184	0.020427404	0.79422265	0.77379525
chr10:118311313:118322304:clu_881_-:UP	-0.27119893	0.029091135	0.02783928	-0.001251854
chr10:118311313:118326153:clu_881_-:PR	-0.24865744	0.9516068	0.93141776	-0.020189047
chr10:118322411:118326153:clu_881_-:UP	0.5198564	0.019302066	0.040742923	0.021440856
chr10:118335213:118335395:clu_882_-:PR	-0.17210004	0.50384325	0.46952555	-0.034317702
chr10:118335213:118335553:clu_882_-:UP	0.2098196	0.0053819125	0.007347946	0.0019660336
chr10:118335426:118335553:clu_882_-:PR	-0.0377196	0.49077484	0.5231265	0.032351643
chr10:118336423:118341726:clu_883_-:PR	0.04013951	0.55589473	0.5453319	-0.010562837
chr10:118336423:118342269:clu_883_-:PR	-0.39790687	0.20130657	0.12743394	-0.073872626
chr10:118341927:118342269:clu_883_-:PR	0.3577674	0.2427987	0.32723418	0.08443548
chr10:119141319:119146235:clu_884_-:PR	0.31127936	0.44824085	0.4840174	0.035776556
chr10:119141319:119147774:clu_884_-:PR	-0.4864591	0.008777356	0.0042683473	-0.0045090085
chr10:119146353:119147774:clu_884_-:PR	0.17517984	0.5429818	0.5117143	-0.031267524
chr10:119160969:119161054:clu_885_-:PR	0.31973773	0.48781213	0.5259304	0.038118273
chr10:119160969:119162339:clu_885_-:PR	-0.56470615	0.06908276	0.030756459	-0.0383263
chr10:119161081:119162339:clu_885_-:PR	0.2449685	0.44310516	0.44331315	0.00020799041
chr10:119164196:119165201:clu_886_-:PR	0.020148214	0.2597788	0.2676022	0.007823408
chr10:119164196:119165536:clu_886_-:PR	-0.020148212	0.7402212	0.7323978	-0.007823408
chr10:119500259:119515382:clu_887_-:UP	0.70434165	0.0031708714	0.0128447795	0.009673908
chr10:119500259:119515508:clu_887_-:PR	-0.7043416	0.99682915	0.9871552	-0.009673953
chr10:119515455:119526031:clu_888_-:UP	-2.144984	0.0028327971	3.8933274e-05	-0.0027938639
chr10:119515652:119526031:clu_888_-:PR	2.144984	0.99716717	0.999961	0.0027938485
chr10:119527424:119536463:clu_889_-:PR	2.8378081	0.0018099422	0.34591746	0.3441075
chr10:119527424:119542589:clu_889_-:PR	-2.837808	0.9981901	0.6540825	-0.34410763
chr10:119576750:119576846:clu_890_-:NE	0.039854594	0.061336786	0.07953534	0.018198557
chr10:119576750:119577079:clu_890_-:PR	-0.26969126	0.8943266	0.8509445	-0.04338211
chr10:119576905:119577079:clu_890_-:UP	0.2298367	0.044336688	0.06952013	0.025183443
chr10:119580010:119580470:clu_891_-:NE	0.3843596	0.07814579	0.13965064	0.061504856
chr10:119580010:119581921:clu_891_-:PR	-0.2772759	0.8408564	0.7753799	-0.06547648
chr10:119580538:119581921:clu_891_-:UP	0.64951235	0.022017037	0.051292118	0.02927508
chr10:119580846:119581921:clu_891_-:UP	-0.7565959	0.05898091	0.03367737	-0.025303539
chr10:119582557:119588151:clu_892_-:PR	-0.07339415	0.71908885	0.68850905	-0.030579805
chr10:119582608:119588151:clu_892_-:PR	0.07339414	0.2809112	0.31149095	0.030579746
chr10:119588248:119591975:clu_893_-:NE	-0.6107994	0.007204335	0.003046463	-0.004157872
chr10:119588248:119593451:clu_893_-:NE	0.16712531	0.16432202	0.15126772	-0.013054296
chr10:119588248:119596433:clu_893_-:PR	0.29426566	0.68398225	0.7150092	0.03102696
chr10:119593513:119596433:clu_893_-:NE	0.14940828	0.14449137	0.13067664	-0.013814732
chr10:119842595:119843247:clu_894_-:PR	-0.20885865	0.34752023	0.2596719	-0.087848336
chr10:119842595:119843253:clu_894_-:PR	0.20885864	0.65247977	0.7403281	0.087848306
chr10:121911151:121913789:clu_902_-:PR	-0.02726154	0.5802382	0.5816189	0.001380682
chr10:121911151:121922348:clu_902_-:NE	0.064103	0.015477452	0.016998505	0.0015210528
chr10:121913893:121922348:clu_902_-:PR	-0.03684147	0.40428433	0.4013826	-0.002901733
chr10:121961517:121963237:clu_904_-:PR	0.071717374	0.93280387	0.94125533	0.008451462
chr10:121962107:121963237:clu_904_-:PR	-0.07171737	0.06719613	0.058744673	-0.008451458
chr10:121974081:121974305:clu_905_-:UP	0.67685175	0.015424852	0.1359248	0.120499946
chr10:121974081:121974389:clu_905_-:UP	1.1798139	0.012641722	0.1842119	0.17157017
chr10:121974081:121974873:clu_905_-:PR	-1.8566658	0.97193336	0.6798633	-0.2920701
chr10:122849439:122850423:clu_906_-:PR	1.2072526	0.67988104	0.86002976	0.18014872
chr10:122849439:122855644:clu_906_-:NE	-1.3308918	0.06325542	0.0063223173	-0.056933105
chr10:122850520:122855644:clu_906_-:PR	-0.32220563	0.057136714	0.01565888	-0.041477837
chr10:122850550:122855644:clu_906_-:PR	0.44584513	0.19972683	0.1179891	-0.081737734
chr10:122998658:123007025:clu_909_-:NE	0.51249075	0.054794505	0.096408695	0.04161419
chr10:122998671:123007025:clu_909_-:PR	0.10674956	0.5117161	0.60006344	0.088347316
chr10:122998671:123008693:clu_909_-:NE	-0.19861695	0.020547325	0.017754335	-0.0027929898
chr10:123007176:123008693:clu_909_-:PR	-0.42062336	0.41294196	0.28577355	-0.12716842
chr10:124408965:124411972:clu_913_-:PR	-0.22574577	0.57620186	0.5719772	-0.004224658
chr10:124408965:124418872:clu_913_-:PR	0.5057117	0.005368521	0.011074563	0.0057060416
chr10:124412200:124414345:clu_913_-:NE	-0.056451205	0.0036415078	0.0042816293	0.0006401215
chr10:124412200:124418872:clu_913_-:PR	-0.22351477	0.4147882	0.4126666	-0.0021215975
chr10:124760503:124762299:clu_915_-:PR	0.37590232	0.22408804	0.37676156	0.15267351
chr10:124760503:124765391:clu_915_-:PR	-0.6464058	0.6064545	0.36682874	-0.23962575
chr10:124762558:124765391:clu_915_-:PR	0.2705036	0.16945744	0.2564097	0.08695227
chr10:124774782:124789038:clu_916_-:UP	0.55279976	0.11113327	0.27416003	0.16302675
chr10:124774782:124789042:clu_916_-:PR	-0.5527997	0.8888667	0.72584	-0.16302675
chr10:125785260:125794879:clu_922_-:PR	-0.6477341	0.012624646	0.0032498664	-0.009374779
chr10:125785839:125794879:clu_922_-:PR	1.3074658	0.0041791266	0.0076008844	0.0034217578
chr10:125789005:125789282:clu_922_-:PR	-0.11174033	0.09078688	0.03994372	-0.05084316
chr10:125789005:125794879:clu_922_-:PR	0.92748535	0.72284937	0.8990901	0.17624074
chr10:125789363:125794879:clu_922_-:PR	0.14842881	0.039720517	0.022668896	-0.01705162
chr10:125789528:125794879:clu_922_-:UP	-0.51723254	0.048415326	0.014200552	-0.034214772
chr10:125794388:125794879:clu_922_-:PR	-1.1066734	0.08142413	0.013245995	-0.06817814
chr10:125798145:125807412:clu_923_-:PR	0.78784907	0.97211975	0.99410224	0.021982491
chr10:125803024:125807412:clu_923_-:PR	-0.787849	0.027880238	0.0058978093	-0.02198243
chr10:125815130:125816176:clu_924_-:PR	-0.11501935	0.54503244	0.5628558	0.017823339
chr10:125815130:125816436:clu_924_-:PR	0.30425596	0.0014820565	0.002327708	0.0008456516
chr10:125816260:125816436:clu_924_-:PR	-0.18923666	0.45348552	0.43481654	-0.01866898
chr10:131968569:131970637:clu_932_-:PR	0.7779346	0.9906608	0.99801475	0.0073539615
chr10:131970011:131970637:clu_932_-:PR	-0.77793455	0.009339177	0.00198525	-0.007353927
chr10:132245955:132306921:clu_935_-:PR	2.943803	7.789737e-05	0.010815168	0.01073727
chr10:132245955:132307571:clu_935_-:PR	-0.48206285	0.17551908	0.7925013	0.6169822
chr10:132245955:132331435:clu_935_-:PR	4.632055	6.243789e-05	0.046898272	0.046835832
chr10:132324373:132331435:clu_935_-:PR	-2.456209	0.16436389	0.103067376	-0.061296515
chr10:132330485:132331435:clu_935_-:PR	-4.6375856	0.6599767	0.04671793	-0.6132588
chr10:133283184:133283881:clu_944_-:UP	-0.17230168	0.028001763	0.020002559	-0.007999204
chr10:133283221:133283881:clu_944_-:PR	0.17230166	0.9719982	0.9799974	0.007999182
chr10:133300113:133302791:clu_945_-:PR	-1.3768528	0.99518573	0.92940867	-0.06577706
chr10:133300547:133302791:clu_945_-:NE	1.3768526	0.004814266	0.07059138	0.065777116
